{"dataId": null, "houseId": null, "roomBound": null, "wallLines": [], "indoorBound": {}, "functionZones": [], "roomType": null, "drRoomType": null, "roomName": null, "walls": [{"index": 1, "thickness": 100, "height": 3000, "points": [{"x": -1750, "y": 1850}, {"x": 400, "y": 1950}, {"x": 400, "y": 1850}, {"x": -1750, "y": 1950}], "normal": {"x": 0, "y": -1, "z": 0}, "nextWallThickness": 100}, {"index": 2, "thickness": 100, "height": 3000, "points": [{"x": 400, "y": 1850}, {"x": 500, "y": 3300}, {"x": 400, "y": 3300}, {"x": 500, "y": 1850}], "normal": {"x": 1, "y": 0, "z": 0}, "nextWallThickness": 100}, {"index": 3, "thickness": 100, "height": 3000, "points": [{"x": 400, "y": 3300}, {"x": 1600, "y": 3400}, {"x": 1600, "y": 3300}, {"x": 400, "y": 3400}], "normal": {"x": 0, "y": -1, "z": 0}, "nextWallThickness": 200}, {"index": 4, "thickness": 200, "height": 3000, "points": [{"x": 1600, "y": 3450}, {"x": 1800, "y": -2650}, {"x": 1600, "y": -2650}, {"x": 1800, "y": 3450}], "normal": {"x": -1, "y": 0, "z": 0}, "nextWallThickness": 200}, {"index": 5, "thickness": 200, "height": 3000, "points": [{"x": 1050, "y": -2650}, {"x": 1050, "y": -2850}, {"x": 1800, "y": -2650}, {"x": 1800, "y": -2850}], "normal": {"x": 0, "y": 1, "z": 0}, "nextWallThickness": 200}, {"index": 6, "thickness": 200, "height": 3000, "points": [{"x": 850, "y": -2650}, {"x": 1050, "y": -3250}, {"x": 850, "y": -3250}, {"x": 1050, "y": -2650}], "normal": {"x": -1, "y": 0, "z": 0}, "nextWallThickness": 200}, {"index": 7, "thickness": 200, "height": 3000, "points": [{"x": -1600, "y": -3250}, {"x": -1600, "y": -3450}, {"x": 1050, "y": -3250}, {"x": 1050, "y": -3450}], "normal": {"x": 0, "y": 1, "z": 0}, "nextWallThickness": 200}, {"index": 8, "thickness": 200, "height": 3000, "points": [{"x": -1800, "y": -3450}, {"x": -1600, "y": 1850}, {"x": -1800, "y": 1850}, {"x": -1600, "y": -3450}], "normal": {"x": 1, "y": 0, "z": 0}, "nextWallThickness": 100}], "windows": [{"index": 7, "scid": null, "width": 2500, "height": 1000, "thickness": 300, "normal": {"x": 0, "y": 1, "z": 0}, "points": [{"x": -1700, "y": -3500}, {"x": -1700, "y": -3200}, {"x": 800, "y": -3200}, {"x": 800, "y": -3500}]}, {"index": 8, "scid": null, "width": 400, "height": 1000, "thickness": 300, "normal": {"x": 1, "y": 0, "z": 0}, "points": [{"x": -1850, "y": -3350}, {"x": -1850, "y": -2950}, {"x": -1550, "y": -2950}, {"x": -1550, "y": -3350}]}], "doors": [{"index": 1, "scid": null, "width": 800, "height": 2400, "thickness": 300, "entrance": false, "normal": {"x": 0, "y": -1, "z": 0}, "points": [{"x": -500, "y": 1750}, {"x": -500, "y": 2050}, {"x": 300, "y": 2050}, {"x": 300, "y": 1750}]}, {"index": 3, "scid": null, "width": 900, "height": 2400, "thickness": 300, "entrance": "ture", "normal": {"x": 0, "y": -1, "z": 0}, "points": [{"x": 600, "y": 3200}, {"x": 600, "y": 3500}, {"x": 1500, "y": 3500}, {"x": 1500, "y": 3200}]}], "roomLocations": [], "functionZones_new": [{"id": "1", "bound": {"dx": 2582.608695652174, "dy": 2617.2413793103447}, "center": {"x": -273.913043478261, "y": -1031.034482758621}}], "functionZones_layout": [{"id": 1, "rot": 0, "bound": {"dx": 2100.0, "dy": 1800.0}, "center": {"x": -550.0, "y": -1450.0}}, {"id": 3, "rot": 0, "bound": {"dx": 500.0, "dy": 500.0}, "center": {"x": -1350.0, "y": -300.0}}, {"id": 9, "rot": -10000, "points": [[-1600.0, 1850.0], [-1600, 450], [500, 450], [500, 1050], [-1000, 1050], [-1000, 1850]]}, {"id": 4, "rot": 180, "bound": {"dx": 400.0, "dy": 1500.0}, "center": {"x": 1400.0, "y": -1450.0}}]}
{"dataId": null, "houseId": null, "roomBound": null, "wallLines": [], "indoorBound": {}, "functionZones": [], "roomType": null, "drRoomType": null, "roomName": null, "walls": [{"index": 1, "thickness": 100, "height": 3000, "points": [{"x": -1750, "y": 1850}, {"x": 400, "y": 1950}, {"x": 400, "y": 1850}, {"x": -1750, "y": 1950}], "normal": {"x": 0, "y": -1, "z": 0}, "nextWallThickness": 100}, {"index": 2, "thickness": 100, "height": 3000, "points": [{"x": 400, "y": 1850}, {"x": 500, "y": 3300}, {"x": 400, "y": 3300}, {"x": 500, "y": 1850}], "normal": {"x": 1, "y": 0, "z": 0}, "nextWallThickness": 100}, {"index": 3, "thickness": 100, "height": 3000, "points": [{"x": 400, "y": 3300}, {"x": 1600, "y": 3400}, {"x": 1600, "y": 3300}, {"x": 400, "y": 3400}], "normal": {"x": 0, "y": -1, "z": 0}, "nextWallThickness": 200}, {"index": 4, "thickness": 200, "height": 3000, "points": [{"x": 1600, "y": 3450}, {"x": 1800, "y": -2650}, {"x": 1600, "y": -2650}, {"x": 1800, "y": 3450}], "normal": {"x": -1, "y": 0, "z": 0}, "nextWallThickness": 200}, {"index": 5, "thickness": 200, "height": 3000, "points": [{"x": 1050, "y": -2650}, {"x": 1050, "y": -2850}, {"x": 1800, "y": -2650}, {"x": 1800, "y": -2850}], "normal": {"x": 0, "y": 1, "z": 0}, "nextWallThickness": 200}, {"index": 6, "thickness": 200, "height": 3000, "points": [{"x": 850, "y": -2650}, {"x": 1050, "y": -3250}, {"x": 850, "y": -3250}, {"x": 1050, "y": -2650}], "normal": {"x": -1, "y": 0, "z": 0}, "nextWallThickness": 200}, {"index": 7, "thickness": 200, "height": 3000, "points": [{"x": -1600, "y": -3250}, {"x": -1600, "y": -3450}, {"x": 1050, "y": -3250}, {"x": 1050, "y": -3450}], "normal": {"x": 0, "y": 1, "z": 0}, "nextWallThickness": 200}, {"index": 8, "thickness": 200, "height": 3000, "points": [{"x": -1800, "y": -3450}, {"x": -1600, "y": 1850}, {"x": -1800, "y": 1850}, {"x": -1600, "y": -3450}], "normal": {"x": 1, "y": 0, "z": 0}, "nextWallThickness": 100}], "windows": [{"index": 7, "scid": null, "width": 2500, "height": 1000, "thickness": 300, "normal": {"x": 0, "y": 1, "z": 0}, "points": [{"x": -1700, "y": -3500}, {"x": -1700, "y": -3200}, {"x": 800, "y": -3200}, {"x": 800, "y": -3500}]}, {"index": 8, "scid": null, "width": 400, "height": 1000, "thickness": 300, "normal": {"x": 1, "y": 0, "z": 0}, "points": [{"x": -1850, "y": -3350}, {"x": -1850, "y": -2950}, {"x": -1550, "y": -2950}, {"x": -1550, "y": -3350}]}], "doors": [{"index": 1, "scid": null, "width": 800, "height": 2400, "thickness": 300, "entrance": false, "normal": {"x": 0, "y": -1, "z": 0}, "points": [{"x": -500, "y": 1750}, {"x": -500, "y": 2050}, {"x": 300, "y": 2050}, {"x": 300, "y": 1750}]}, {"index": 3, "scid": null, "width": 900, "height": 2400, "thickness": 300, "entrance": "ture", "normal": {"x": 0, "y": -1, "z": 0}, "points": [{"x": 600, "y": 3200}, {"x": 600, "y": 3500}, {"x": 1500, "y": 3500}, {"x": 1500, "y": 3200}]}], "roomLocations": [], "functionZones_new": [{"id": "1", "bound": {"dx": 2582.608695652174, "dy": 2617.2413793103447}, "center": {"x": -273.913043478261, "y": -1031.034482758621}}], "functionZones_layout": [{"id": 1, "rot": 0, "bound": {"dx": 2100.0, "dy": 1800.0}, "center": {"x": -550.0, "y": -1450.0}}, {"id": 3, "rot": 0, "bound": {"dx": 500.0, "dy": 500.0}, "center": {"x": -1350.0, "y": -300.0}}, {"id": 9, "rot": -10000, "points": [[-1600.0, 1850.0], [-1600, 450], [500, 450], [500, 1050], [-1000, 1050], [-1000, 1850]]}, {"id": 4, "rot": 180, "bound": {"dx": 400.0, "dy": 1500.0}, "center": {"x": 1400.0, "y": -1450.0}}]}
{"dataId": null, "houseId": null, "roomBound": null, "wallLines": [], "indoorBound": {}, "functionZones": [], "roomType": null, "drRoomType": null, "roomName": null, "walls": [{"index": 1, "thickness": 100, "height": 3000, "points": [{"x": -1750, "y": 1850}, {"x": 400, "y": 1950}, {"x": 400, "y": 1850}, {"x": -1750, "y": 1950}], "normal": {"x": 0, "y": -1, "z": 0}, "nextWallThickness": 100}, {"index": 2, "thickness": 100, "height": 3000, "points": [{"x": 400, "y": 1850}, {"x": 500, "y": 3300}, {"x": 400, "y": 3300}, {"x": 500, "y": 1850}], "normal": {"x": 1, "y": 0, "z": 0}, "nextWallThickness": 100}, {"index": 3, "thickness": 100, "height": 3000, "points": [{"x": 400, "y": 3300}, {"x": 1600, "y": 3400}, {"x": 1600, "y": 3300}, {"x": 400, "y": 3400}], "normal": {"x": 0, "y": -1, "z": 0}, "nextWallThickness": 200}, {"index": 4, "thickness": 200, "height": 3000, "points": [{"x": 1600, "y": 3450}, {"x": 1800, "y": -2650}, {"x": 1600, "y": -2650}, {"x": 1800, "y": 3450}], "normal": {"x": -1, "y": 0, "z": 0}, "nextWallThickness": 200}, {"index": 5, "thickness": 200, "height": 3000, "points": [{"x": 1050, "y": -2650}, {"x": 1050, "y": -2850}, {"x": 1800, "y": -2650}, {"x": 1800, "y": -2850}], "normal": {"x": 0, "y": 1, "z": 0}, "nextWallThickness": 200}, {"index": 6, "thickness": 200, "height": 3000, "points": [{"x": 850, "y": -2650}, {"x": 1050, "y": -3250}, {"x": 850, "y": -3250}, {"x": 1050, "y": -2650}], "normal": {"x": -1, "y": 0, "z": 0}, "nextWallThickness": 200}, {"index": 7, "thickness": 200, "height": 3000, "points": [{"x": -1600, "y": -3250}, {"x": -1600, "y": -3450}, {"x": 1050, "y": -3250}, {"x": 1050, "y": -3450}], "normal": {"x": 0, "y": 1, "z": 0}, "nextWallThickness": 200}, {"index": 8, "thickness": 200, "height": 3000, "points": [{"x": -1800, "y": -3450}, {"x": -1600, "y": 1850}, {"x": -1800, "y": 1850}, {"x": -1600, "y": -3450}], "normal": {"x": 1, "y": 0, "z": 0}, "nextWallThickness": 100}], "windows": [{"index": 7, "scid": null, "width": 2500, "height": 1000, "thickness": 300, "normal": {"x": 0, "y": 1, "z": 0}, "points": [{"x": -1700, "y": -3500}, {"x": -1700, "y": -3200}, {"x": 800, "y": -3200}, {"x": 800, "y": -3500}]}, {"index": 8, "scid": null, "width": 400, "height": 1000, "thickness": 300, "normal": {"x": 1, "y": 0, "z": 0}, "points": [{"x": -1850, "y": -3350}, {"x": -1850, "y": -2950}, {"x": -1550, "y": -2950}, {"x": -1550, "y": -3350}]}], "doors": [{"index": 1, "scid": null, "width": 800, "height": 2400, "thickness": 300, "entrance": false, "normal": {"x": 0, "y": -1, "z": 0}, "points": [{"x": -500, "y": 1750}, {"x": -500, "y": 2050}, {"x": 300, "y": 2050}, {"x": 300, "y": 1750}]}, {"index": 3, "scid": null, "width": 900, "height": 2400, "thickness": 300, "entrance": "ture", "normal": {"x": 0, "y": -1, "z": 0}, "points": [{"x": 600, "y": 3200}, {"x": 600, "y": 3500}, {"x": 1500, "y": 3500}, {"x": 1500, "y": 3200}]}], "roomLocations": [], "functionZones_new": [{"id": "1", "bound": {"dx": 2582.608695652174, "dy": 2617.2413793103447}, "center": {"x": -273.913043478261, "y": -1031.034482758621}}], "functionZones_layout": [{"id": 1, "rot": 0, "bound": {"dx": 2100.0, "dy": 1800.0}, "center": {"x": -550.0, "y": -1450.0}}, {"id": 3, "rot": 0, "bound": {"dx": 500.0, "dy": 500.0}, "center": {"x": -1350.0, "y": -300.0}}, {"id": 9, "rot": -10000, "points": [[-1600.0, 1850.0], [-1600, 450], [500, 450], [500, 1050], [-1000, 1050], [-1000, 1850]]}, {"id": 4, "rot": 180, "bound": {"dx": 400.0, "dy": 1500.0}, "center": {"x": 1400.0, "y": -1450.0}}]}
{"dataId": null, "houseId": null, "roomBound": null, "wallLines": [], "indoorBound": {}, "functionZones": [], "roomType": null, "drRoomType": null, "roomName": null, "walls": [{"index": 1, "thickness": 100, "height": 3000, "points": [{"x": -1750, "y": 1850}, {"x": 400, "y": 1950}, {"x": 400, "y": 1850}, {"x": -1750, "y": 1950}], "normal": {"x": 0, "y": -1, "z": 0}, "nextWallThickness": 100}, {"index": 2, "thickness": 100, "height": 3000, "points": [{"x": 400, "y": 1850}, {"x": 500, "y": 3300}, {"x": 400, "y": 3300}, {"x": 500, "y": 1850}], "normal": {"x": 1, "y": 0, "z": 0}, "nextWallThickness": 100}, {"index": 3, "thickness": 100, "height": 3000, "points": [{"x": 400, "y": 3300}, {"x": 1600, "y": 3400}, {"x": 1600, "y": 3300}, {"x": 400, "y": 3400}], "normal": {"x": 0, "y": -1, "z": 0}, "nextWallThickness": 200}, {"index": 4, "thickness": 200, "height": 3000, "points": [{"x": 1600, "y": 3450}, {"x": 1800, "y": -2650}, {"x": 1600, "y": -2650}, {"x": 1800, "y": 3450}], "normal": {"x": -1, "y": 0, "z": 0}, "nextWallThickness": 200}, {"index": 5, "thickness": 200, "height": 3000, "points": [{"x": 1050, "y": -2650}, {"x": 1050, "y": -2850}, {"x": 1800, "y": -2650}, {"x": 1800, "y": -2850}], "normal": {"x": 0, "y": 1, "z": 0}, "nextWallThickness": 200}, {"index": 6, "thickness": 200, "height": 3000, "points": [{"x": 850, "y": -2650}, {"x": 1050, "y": -3250}, {"x": 850, "y": -3250}, {"x": 1050, "y": -2650}], "normal": {"x": -1, "y": 0, "z": 0}, "nextWallThickness": 200}, {"index": 7, "thickness": 200, "height": 3000, "points": [{"x": -1600, "y": -3250}, {"x": -1600, "y": -3450}, {"x": 1050, "y": -3250}, {"x": 1050, "y": -3450}], "normal": {"x": 0, "y": 1, "z": 0}, "nextWallThickness": 200}, {"index": 8, "thickness": 200, "height": 3000, "points": [{"x": -1800, "y": -3450}, {"x": -1600, "y": 1850}, {"x": -1800, "y": 1850}, {"x": -1600, "y": -3450}], "normal": {"x": 1, "y": 0, "z": 0}, "nextWallThickness": 100}], "windows": [{"index": 7, "scid": null, "width": 2500, "height": 1000, "thickness": 300, "normal": {"x": 0, "y": 1, "z": 0}, "points": [{"x": -1700, "y": -3500}, {"x": -1700, "y": -3200}, {"x": 800, "y": -3200}, {"x": 800, "y": -3500}]}, {"index": 8, "scid": null, "width": 400, "height": 1000, "thickness": 300, "normal": {"x": 1, "y": 0, "z": 0}, "points": [{"x": -1850, "y": -3350}, {"x": -1850, "y": -2950}, {"x": -1550, "y": -2950}, {"x": -1550, "y": -3350}]}], "doors": [{"index": 1, "scid": null, "width": 800, "height": 2400, "thickness": 300, "entrance": false, "normal": {"x": 0, "y": -1, "z": 0}, "points": [{"x": -500, "y": 1750}, {"x": -500, "y": 2050}, {"x": 300, "y": 2050}, {"x": 300, "y": 1750}]}, {"index": 3, "scid": null, "width": 900, "height": 2400, "thickness": 300, "entrance": "ture", "normal": {"x": 0, "y": -1, "z": 0}, "points": [{"x": 600, "y": 3200}, {"x": 600, "y": 3500}, {"x": 1500, "y": 3500}, {"x": 1500, "y": 3200}]}], "roomLocations": [], "functionZones_new": [{"id": "1", "bound": {"dx": 2582.608695652174, "dy": 2617.2413793103447}, "center": {"x": -273.913043478261, "y": -1031.034482758621}}], "functionZones_layout": [{"id": 1, "rot": 0, "bound": {"dx": 2100.0, "dy": 1800.0}, "center": {"x": -550.0, "y": -1450.0}}, {"id": 3, "rot": 0, "bound": {"dx": 500.0, "dy": 500.0}, "center": {"x": -1350.0, "y": -300.0}}, {"id": 9, "rot": -10000, "points": [[-1600.0, 1850.0], [-1600, 450], [500, 450], [500, 1050], [-1000, 1050], [-1000, 1850]]}, {"id": 4, "rot": 180, "bound": {"dx": 400.0, "dy": 1500.0}, "center": {"x": 1400.0, "y": -1450.0}}]}
{"dataId": null, "houseId": null, "roomBound": null, "wallLines": [], "indoorBound": {}, "functionZones": [], "roomType": null, "drRoomType": null, "roomName": null, "walls": [{"index": 1, "thickness": 100, "height": 3000, "points": [{"x": -1750, "y": 1850}, {"x": 400, "y": 1950}, {"x": 400, "y": 1850}, {"x": -1750, "y": 1950}], "normal": {"x": 0, "y": -1, "z": 0}, "nextWallThickness": 100}, {"index": 2, "thickness": 100, "height": 3000, "points": [{"x": 400, "y": 1850}, {"x": 500, "y": 3300}, {"x": 400, "y": 3300}, {"x": 500, "y": 1850}], "normal": {"x": 1, "y": 0, "z": 0}, "nextWallThickness": 100}, {"index": 3, "thickness": 100, "height": 3000, "points": [{"x": 400, "y": 3300}, {"x": 1600, "y": 3400}, {"x": 1600, "y": 3300}, {"x": 400, "y": 3400}], "normal": {"x": 0, "y": -1, "z": 0}, "nextWallThickness": 200}, {"index": 4, "thickness": 200, "height": 3000, "points": [{"x": 1600, "y": 3450}, {"x": 1800, "y": -2650}, {"x": 1600, "y": -2650}, {"x": 1800, "y": 3450}], "normal": {"x": -1, "y": 0, "z": 0}, "nextWallThickness": 200}, {"index": 5, "thickness": 200, "height": 3000, "points": [{"x": 1050, "y": -2650}, {"x": 1050, "y": -2850}, {"x": 1800, "y": -2650}, {"x": 1800, "y": -2850}], "normal": {"x": 0, "y": 1, "z": 0}, "nextWallThickness": 200}, {"index": 6, "thickness": 200, "height": 3000, "points": [{"x": 850, "y": -2650}, {"x": 1050, "y": -3250}, {"x": 850, "y": -3250}, {"x": 1050, "y": -2650}], "normal": {"x": -1, "y": 0, "z": 0}, "nextWallThickness": 200}, {"index": 7, "thickness": 200, "height": 3000, "points": [{"x": -1600, "y": -3250}, {"x": -1600, "y": -3450}, {"x": 1050, "y": -3250}, {"x": 1050, "y": -3450}], "normal": {"x": 0, "y": 1, "z": 0}, "nextWallThickness": 200}, {"index": 8, "thickness": 200, "height": 3000, "points": [{"x": -1800, "y": -3450}, {"x": -1600, "y": 1850}, {"x": -1800, "y": 1850}, {"x": -1600, "y": -3450}], "normal": {"x": 1, "y": 0, "z": 0}, "nextWallThickness": 100}], "windows": [{"index": 7, "scid": null, "width": 2500, "height": 1000, "thickness": 300, "normal": {"x": 0, "y": 1, "z": 0}, "points": [{"x": -1700, "y": -3500}, {"x": -1700, "y": -3200}, {"x": 800, "y": -3200}, {"x": 800, "y": -3500}]}, {"index": 8, "scid": null, "width": 400, "height": 1000, "thickness": 300, "normal": {"x": 1, "y": 0, "z": 0}, "points": [{"x": -1850, "y": -3350}, {"x": -1850, "y": -2950}, {"x": -1550, "y": -2950}, {"x": -1550, "y": -3350}]}], "doors": [{"index": 1, "scid": null, "width": 800, "height": 2400, "thickness": 300, "entrance": false, "normal": {"x": 0, "y": -1, "z": 0}, "points": [{"x": -500, "y": 1750}, {"x": -500, "y": 2050}, {"x": 300, "y": 2050}, {"x": 300, "y": 1750}]}, {"index": 3, "scid": null, "width": 900, "height": 2400, "thickness": 300, "entrance": "ture", "normal": {"x": 0, "y": -1, "z": 0}, "points": [{"x": 600, "y": 3200}, {"x": 600, "y": 3500}, {"x": 1500, "y": 3500}, {"x": 1500, "y": 3200}]}], "roomLocations": [], "functionZones_new": [{"id": "1", "bound": {"dx": 2582.608695652174, "dy": 2617.2413793103447}, "center": {"x": -273.913043478261, "y": -1031.034482758621}}], "functionZones_layout": [{"id": 1, "rot": 0, "bound": {"dx": 2100.0, "dy": 1800.0}, "center": {"x": -550.0, "y": -1050.0}}, {"id": 3, "rot": 0, "bound": {"dx": 500.0, "dy": 500.0}, "center": {"x": -1350.0, "y": 100.0}}, {"id": 2, "rot": 270, "bound": {"dx": 1050.0, "dy": 600.0}, "center": {"x": -1075.0, "y": 1550.0}}, {"id": 4, "rot": 180, "bound": {"dx": 400.0, "dy": 1500.0}, "center": {"x": 1400.0, "y": -1050.0}}]}
