{"dataId": null, "houseId": null, "roomBound": null, "wallLines": [], "indoorBound": {}, "functionZones": [], "roomType": null, "drRoomType": null, "roomName": null, "walls": [{"index": 1, "thickness": 100, "height": 3000, "points": [{"x": -2575, "y": 2525}, {"x": -825, "y": 2625}, {"x": -825, "y": 2525}, {"x": -2575, "y": 2625}], "normal": {"x": 0, "y": -1, "z": 0}, "nextWallThickness": 200}, {"index": 2, "thickness": 200, "height": 3000, "points": [{"x": -825, "y": 2675}, {"x": -625, "y": 1275}, {"x": -825, "y": 1275}, {"x": -625, "y": 2675}], "normal": {"x": -1, "y": 0, "z": 0}, "nextWallThickness": 200}, {"index": 3, "thickness": 200, "height": 3000, "points": [{"x": -825, "y": 1075}, {"x": 2425, "y": 1275}, {"x": 2425, "y": 1075}, {"x": -825, "y": 1275}], "normal": {"x": 0, "y": -1, "z": 0}, "nextWallThickness": 200}, {"index": 4, "thickness": 200, "height": 3000, "points": [{"x": 2425, "y": 1275}, {"x": 2625, "y": -1975}, {"x": 2425, "y": -1975}, {"x": 2625, "y": 1275}], "normal": {"x": -1, "y": 0, "z": 0}, "nextWallThickness": 200}, {"index": 5, "thickness": 200, "height": 3000, "points": [{"x": 2025, "y": -1975}, {"x": 2025, "y": -2175}, {"x": 2625, "y": -1975}, {"x": 2625, "y": -2175}], "normal": {"x": 0, "y": 1, "z": 0}, "nextWallThickness": 200}, {"index": 6, "thickness": 200, "height": 3000, "points": [{"x": 1825, "y": -1975}, {"x": 2025, "y": -2475}, {"x": 1825, "y": -2475}, {"x": 2025, "y": -1975}], "normal": {"x": -1, "y": 0, "z": 0}, "nextWallThickness": 200}, {"index": 7, "thickness": 200, "height": 3000, "points": [{"x": -575, "y": -2475}, {"x": -575, "y": -2675}, {"x": 2025, "y": -2475}, {"x": 2025, "y": -2675}], "normal": {"x": 0, "y": 1, "z": 0}, "nextWallThickness": 200}, {"index": 8, "thickness": 200, "height": 3000, "points": [{"x": -775, "y": -2675}, {"x": -575, "y": -25}, {"x": -775, "y": -25}, {"x": -575, "y": -2675}], "normal": {"x": 1, "y": 0, "z": 0}, "nextWallThickness": 200}, {"index": 9, "thickness": 200, "height": 3000, "points": [{"x": -2425, "y": 175}, {"x": -2425, "y": -25}, {"x": -575, "y": 175}, {"x": -575, "y": -25}], "normal": {"x": 0, "y": 1, "z": 0}, "nextWallThickness": 200}, {"index": 10, "thickness": 200, "height": 3000, "points": [{"x": -2625, "y": -25}, {"x": -2425, "y": 2525}, {"x": -2625, "y": 2525}, {"x": -2425, "y": -25}], "normal": {"x": 1, "y": 0, "z": 0}, "nextWallThickness": 100}], "windows": [{"index": 7, "scid": null, "width": 2400, "height": 1000, "thickness": 300, "normal": {"x": 0, "y": 1, "z": 0}, "points": [{"x": -525, "y": -2675}, {"x": -525, "y": -2375}, {"x": 1875, "y": -2375}, {"x": 1875, "y": -2675}]}], "doors": [{"index": 1, "scid": null, "width": 900, "height": 2400, "thickness": 300, "entrance": "ture", "normal": {"x": 0, "y": -1, "z": 0}, "points": [{"x": -1775, "y": 2425}, {"x": -1775, "y": 2725}, {"x": -875, "y": 2725}, {"x": -875, "y": 2425}]}, {"index": 9, "scid": null, "width": 800, "height": 2400, "thickness": 300, "entrance": false, "normal": {"x": 0, "y": 1, "z": 0}, "points": [{"x": -2075, "y": -75}, {"x": -2075, "y": 225}, {"x": -1275, "y": 225}, {"x": -1275, "y": -75}]}], "roomLocations": [], "functionZones_new": [{"id": "1", "bound": {"dx": 2112.0689655172414, "dy": 3100.568181818182}, "center": {"x": 1327.5862068965516, "y": -699.1477272727273}}], "functionZones_layout": [{"id": 1, "rot": 180, "bound": {"dx": 2100.0, "dy": 1500.0}, "center": {"x": 1375.0, "y": -800.0}}, {"id": 3, "rot": 180, "bound": {"dx": 500.0, "dy": 500.0}, "center": {"x": 2175.0, "y": 200.0}}, {"id": 2, "rot": 270, "bound": {"dx": 2400.0, "dy": 600.0}, "center": {"x": 1225.0, "y": 775.0}}]}
