{"dataId": null, "houseId": null, "roomBound": null, "wallLines": [], "indoorBound": {}, "functionZones": [], "roomType": null, "drRoomType": null, "roomName": null, "walls": [{"index": 1, "thickness": 200, "height": 3000, "points": [{"x": 400, "y": 3150}, {"x": 1650, "y": 3350}, {"x": 1650, "y": 3150}, {"x": 400, "y": 3350}], "normal": {"x": 0, "y": -1, "z": 0}, "nextWallThickness": 200}, {"index": 2, "thickness": 200, "height": 3000, "points": [{"x": 1650, "y": 3350}, {"x": 1850, "y": -2450}, {"x": 1650, "y": -2450}, {"x": 1850, "y": 3350}], "normal": {"x": -1, "y": 0, "z": 0}, "nextWallThickness": 200}, {"index": 3, "thickness": 200, "height": 3000, "points": [{"x": 650, "y": -2450}, {"x": 650, "y": -2650}, {"x": 1850, "y": -2450}, {"x": 1850, "y": -2650}], "normal": {"x": 0, "y": 1, "z": 0}, "nextWallThickness": 200}, {"index": 4, "thickness": 200, "height": 3000, "points": [{"x": 450, "y": -2450}, {"x": 650, "y": -3150}, {"x": 450, "y": -3150}, {"x": 650, "y": -2450}], "normal": {"x": -1, "y": 0, "z": 0}, "nextWallThickness": 200}, {"index": 5, "thickness": 200, "height": 3000, "points": [{"x": -1650, "y": -3150}, {"x": -1650, "y": -3350}, {"x": 650, "y": -3150}, {"x": 650, "y": -3350}], "normal": {"x": 0, "y": 1, "z": 0}, "nextWallThickness": 200}, {"index": 6, "thickness": 200, "height": 3000, "points": [{"x": -1850, "y": -3350}, {"x": -1650, "y": 1300}, {"x": -1850, "y": 1300}, {"x": -1650, "y": -3350}], "normal": {"x": 1, "y": 0, "z": 0}, "nextWallThickness": 200}, {"index": 7, "thickness": 200, "height": 3000, "points": [{"x": -1850, "y": 1300}, {"x": 400, "y": 1500}, {"x": 400, "y": 1300}, {"x": -1850, "y": 1500}], "normal": {"x": 0, "y": -1, "z": 0}, "nextWallThickness": 200}, {"index": 8, "thickness": 200, "height": 3000, "points": [{"x": 400, "y": 1300}, {"x": 600, "y": 3150}, {"x": 400, "y": 3150}, {"x": 600, "y": 1300}], "normal": {"x": 1, "y": 0, "z": 0}, "nextWallThickness": 200}], "windows": [{"index": 5, "scid": null, "width": 1800, "height": 1000, "thickness": 300, "normal": {"x": 0, "y": 1, "z": 0}, "points": [{"x": -1350, "y": -3400}, {"x": -1350, "y": -3100}, {"x": 450, "y": -3100}, {"x": 450, "y": -3400}]}], "doors": [{"index": 2, "scid": null, "width": 900, "height": 2400, "thickness": 300, "entrance": "ture", "normal": {"x": -1, "y": 0, "z": 0}, "points": [{"x": 1600, "y": 2150}, {"x": 1600, "y": 3050}, {"x": 1900, "y": 3050}, {"x": 1900, "y": 2150}]}, {"index": 8, "scid": null, "width": 800, "height": 2400, "thickness": 300, "entrance": false, "normal": {"x": 1, "y": 0, "z": 0}, "points": [{"x": 350, "y": 1550}, {"x": 350, "y": 2350}, {"x": 650, "y": 2350}, {"x": 650, "y": 1550}]}], "roomLocations": [], "functionZones_new": [{"id": "1", "bound": {"dx": 2081.25, "dy": 2588.636363636364}, "center": {"x": -578.125, "y": -989.772727272727}}], "functionZones_layout": [{"id": 1, "rot": 0, "bound": {"dx": 2100.0, "dy": 1200.0}, "center": {"x": -600.0, "y": -1075.0}}, {"id": 3, "rot": 0, "bound": {"dx": 500.0, "dy": 500.0}, "center": {"x": -1400.0, "y": -1925.0}}, {"id": 3, "rot": 0, "bound": {"dx": 500.0, "dy": 500.0}, "center": {"x": -1400.0, "y": -225.0}}, {"id": 2, "rot": 270, "bound": {"dx": 2000.0, "dy": 600.0}, "center": {"x": -650.0, "y": 1000.0}}]}
{"dataId": null, "houseId": null, "roomBound": null, "wallLines": [], "indoorBound": {}, "functionZones": [], "roomType": null, "drRoomType": null, "roomName": null, "walls": [{"index": 1, "thickness": 200, "height": 3000, "points": [{"x": 400, "y": 3150}, {"x": 1650, "y": 3350}, {"x": 1650, "y": 3150}, {"x": 400, "y": 3350}], "normal": {"x": 0, "y": -1, "z": 0}, "nextWallThickness": 200}, {"index": 2, "thickness": 200, "height": 3000, "points": [{"x": 1650, "y": 3350}, {"x": 1850, "y": -2450}, {"x": 1650, "y": -2450}, {"x": 1850, "y": 3350}], "normal": {"x": -1, "y": 0, "z": 0}, "nextWallThickness": 200}, {"index": 3, "thickness": 200, "height": 3000, "points": [{"x": 650, "y": -2450}, {"x": 650, "y": -2650}, {"x": 1850, "y": -2450}, {"x": 1850, "y": -2650}], "normal": {"x": 0, "y": 1, "z": 0}, "nextWallThickness": 200}, {"index": 4, "thickness": 200, "height": 3000, "points": [{"x": 450, "y": -2450}, {"x": 650, "y": -3150}, {"x": 450, "y": -3150}, {"x": 650, "y": -2450}], "normal": {"x": -1, "y": 0, "z": 0}, "nextWallThickness": 200}, {"index": 5, "thickness": 200, "height": 3000, "points": [{"x": -1650, "y": -3150}, {"x": -1650, "y": -3350}, {"x": 650, "y": -3150}, {"x": 650, "y": -3350}], "normal": {"x": 0, "y": 1, "z": 0}, "nextWallThickness": 200}, {"index": 6, "thickness": 200, "height": 3000, "points": [{"x": -1850, "y": -3350}, {"x": -1650, "y": 1300}, {"x": -1850, "y": 1300}, {"x": -1650, "y": -3350}], "normal": {"x": 1, "y": 0, "z": 0}, "nextWallThickness": 200}, {"index": 7, "thickness": 200, "height": 3000, "points": [{"x": -1850, "y": 1300}, {"x": 400, "y": 1500}, {"x": 400, "y": 1300}, {"x": -1850, "y": 1500}], "normal": {"x": 0, "y": -1, "z": 0}, "nextWallThickness": 200}, {"index": 8, "thickness": 200, "height": 3000, "points": [{"x": 400, "y": 1300}, {"x": 600, "y": 3150}, {"x": 400, "y": 3150}, {"x": 600, "y": 1300}], "normal": {"x": 1, "y": 0, "z": 0}, "nextWallThickness": 200}], "windows": [{"index": 5, "scid": null, "width": 1800, "height": 1000, "thickness": 300, "normal": {"x": 0, "y": 1, "z": 0}, "points": [{"x": -1350, "y": -3400}, {"x": -1350, "y": -3100}, {"x": 450, "y": -3100}, {"x": 450, "y": -3400}]}], "doors": [{"index": 2, "scid": null, "width": 900, "height": 2400, "thickness": 300, "entrance": "ture", "normal": {"x": -1, "y": 0, "z": 0}, "points": [{"x": 1600, "y": 2150}, {"x": 1600, "y": 3050}, {"x": 1900, "y": 3050}, {"x": 1900, "y": 2150}]}, {"index": 8, "scid": null, "width": 800, "height": 2400, "thickness": 300, "entrance": false, "normal": {"x": 1, "y": 0, "z": 0}, "points": [{"x": 350, "y": 1550}, {"x": 350, "y": 2350}, {"x": 650, "y": 2350}, {"x": 650, "y": 1550}]}], "roomLocations": [], "functionZones_new": [{"id": "1", "bound": {"dx": 2081.25, "dy": 2588.636363636364}, "center": {"x": -578.125, "y": -989.772727272727}}], "functionZones_layout": [{"id": 1, "rot": 0, "bound": {"dx": 2100.0, "dy": 1200.0}, "center": {"x": -600.0, "y": -1075.0}}, {"id": 3, "rot": 0, "bound": {"dx": 500.0, "dy": 500.0}, "center": {"x": -1400.0, "y": -1925.0}}, {"id": 3, "rot": 0, "bound": {"dx": 500.0, "dy": 500.0}, "center": {"x": -1400.0, "y": -225.0}}, {"id": 2, "rot": 270, "bound": {"dx": 2000.0, "dy": 600.0}, "center": {"x": -650.0, "y": 1000.0}}]}
