{"dataId": null, "houseId": null, "roomBound": null, "wallLines": [], "indoorBound": {}, "functionZones": [], "roomType": null, "drRoomType": null, "roomName": null, "walls": [{"index": 1, "thickness": 100, "height": 3000, "points": [{"x": -1925, "y": 2575}, {"x": -875, "y": 2675}, {"x": -875, "y": 2575}, {"x": -1925, "y": 2675}], "normal": {"x": 0, "y": -1, "z": 0}, "nextWallThickness": 200}, {"index": 2, "thickness": 200, "height": 3000, "points": [{"x": -875, "y": 2725}, {"x": -675, "y": 1025}, {"x": -875, "y": 1025}, {"x": -675, "y": 2725}], "normal": {"x": -1, "y": 0, "z": 0}, "nextWallThickness": 200}, {"index": 3, "thickness": 200, "height": 3000, "points": [{"x": -875, "y": 825}, {"x": 1775, "y": 1025}, {"x": 1775, "y": 825}, {"x": -875, "y": 1025}], "normal": {"x": 0, "y": -1, "z": 0}, "nextWallThickness": 200}, {"index": 4, "thickness": 200, "height": 3000, "points": [{"x": 1775, "y": 1025}, {"x": 1975, "y": -2525}, {"x": 1775, "y": -2525}, {"x": 1975, "y": 1025}], "normal": {"x": -1, "y": 0, "z": 0}, "nextWallThickness": 200}, {"index": 5, "thickness": 200, "height": 3000, "points": [{"x": -1775, "y": -2525}, {"x": -1775, "y": -2725}, {"x": 1975, "y": -2525}, {"x": 1975, "y": -2725}], "normal": {"x": 0, "y": 1, "z": 0}, "nextWallThickness": 200}, {"index": 6, "thickness": 200, "height": 3000, "points": [{"x": -1975, "y": -2725}, {"x": -1775, "y": 2575}, {"x": -1975, "y": 2575}, {"x": -1775, "y": -2725}], "normal": {"x": 1, "y": 0, "z": 0}, "nextWallThickness": 100}], "windows": [{"index": 5, "scid": null, "width": 2000, "height": 1000, "thickness": 300, "normal": {"x": 0, "y": 1, "z": 0}, "points": [{"x": -925, "y": -2825}, {"x": -925, "y": -2525}, {"x": 1075, "y": -2525}, {"x": 1075, "y": -2825}]}], "doors": [{"index": 2, "scid": null, "width": 800, "height": 2400, "thickness": 300, "entrance": false, "normal": {"x": -1, "y": 0, "z": 0}, "points": [{"x": -925, "y": 1675}, {"x": -925, "y": 2475}, {"x": -625, "y": 2475}, {"x": -625, "y": 1675}]}, {"index": 6, "scid": null, "width": 900, "height": 2400, "thickness": 300, "entrance": true, "normal": {"x": 1, "y": 0, "z": 0}, "points": [{"x": -2025, "y": 1575}, {"x": -2025, "y": 2475}, {"x": -1725, "y": 2475}, {"x": -1725, "y": 1575}]}], "roomLocations": [], "functionZones_new": [{"id": "1", "bound": {"dx": 2131.746031746032, "dy": 2788.3720930232557}, "center": {"x": 282.1428571428569, "y": -1140.6976744186047}}], "functionZones_layout": [{"id": 1, "rot": 180, "bound": {"dx": 2100.0, "dy": 1200.0}, "center": {"x": 725.0, "y": -1200.0}}, {"id": 3, "rot": 180, "bound": {"dx": 500.0, "dy": 500.0}, "center": {"x": 1525.0, "y": -350.0}}, {"id": 2, "rot": 270, "bound": {"dx": 2400.0, "dy": 600.0}, "center": {"x": 575.0, "y": 525.0}}]}
{"dataId": null, "houseId": null, "roomBound": null, "wallLines": [], "indoorBound": {}, "functionZones": [], "roomType": null, "drRoomType": null, "roomName": null, "walls": [{"index": 1, "thickness": 100, "height": 3000, "points": [{"x": -1925, "y": 2575}, {"x": -875, "y": 2675}, {"x": -875, "y": 2575}, {"x": -1925, "y": 2675}], "normal": {"x": 0, "y": -1, "z": 0}, "nextWallThickness": 200}, {"index": 2, "thickness": 200, "height": 3000, "points": [{"x": -875, "y": 2725}, {"x": -675, "y": 1025}, {"x": -875, "y": 1025}, {"x": -675, "y": 2725}], "normal": {"x": -1, "y": 0, "z": 0}, "nextWallThickness": 200}, {"index": 3, "thickness": 200, "height": 3000, "points": [{"x": -875, "y": 825}, {"x": 1775, "y": 1025}, {"x": 1775, "y": 825}, {"x": -875, "y": 1025}], "normal": {"x": 0, "y": -1, "z": 0}, "nextWallThickness": 200}, {"index": 4, "thickness": 200, "height": 3000, "points": [{"x": 1775, "y": 1025}, {"x": 1975, "y": -2525}, {"x": 1775, "y": -2525}, {"x": 1975, "y": 1025}], "normal": {"x": -1, "y": 0, "z": 0}, "nextWallThickness": 200}, {"index": 5, "thickness": 200, "height": 3000, "points": [{"x": -1775, "y": -2525}, {"x": -1775, "y": -2725}, {"x": 1975, "y": -2525}, {"x": 1975, "y": -2725}], "normal": {"x": 0, "y": 1, "z": 0}, "nextWallThickness": 200}, {"index": 6, "thickness": 200, "height": 3000, "points": [{"x": -1975, "y": -2725}, {"x": -1775, "y": 2575}, {"x": -1975, "y": 2575}, {"x": -1775, "y": -2725}], "normal": {"x": 1, "y": 0, "z": 0}, "nextWallThickness": 100}], "windows": [{"index": 5, "scid": null, "width": 2000, "height": 1000, "thickness": 300, "normal": {"x": 0, "y": 1, "z": 0}, "points": [{"x": -925, "y": -2825}, {"x": -925, "y": -2525}, {"x": 1075, "y": -2525}, {"x": 1075, "y": -2825}]}], "doors": [{"index": 2, "scid": null, "width": 800, "height": 2400, "thickness": 300, "entrance": false, "normal": {"x": -1, "y": 0, "z": 0}, "points": [{"x": -925, "y": 1675}, {"x": -925, "y": 2475}, {"x": -625, "y": 2475}, {"x": -625, "y": 1675}]}, {"index": 6, "scid": null, "width": 900, "height": 2400, "thickness": 300, "entrance": true, "normal": {"x": 1, "y": 0, "z": 0}, "points": [{"x": -2025, "y": 1575}, {"x": -2025, "y": 2475}, {"x": -1725, "y": 2475}, {"x": -1725, "y": 1575}]}], "roomLocations": [], "functionZones_new": [{"id": "1", "bound": {"dx": 2131.746031746032, "dy": 2788.3720930232557}, "center": {"x": 282.1428571428569, "y": -1140.6976744186047}}], "functionZones_layout": [{"id": 1, "rot": 180, "bound": {"dx": 2100.0, "dy": 1200.0}, "center": {"x": 725.0, "y": -1200.0}}, {"id": 3, "rot": 180, "bound": {"dx": 500.0, "dy": 500.0}, "center": {"x": 1525.0, "y": -350.0}}, {"id": 2, "rot": 270, "bound": {"dx": 2400.0, "dy": 600.0}, "center": {"x": 575.0, "y": 525.0}}]}
