{"dataId": null, "houseId": null, "roomBound": null, "wallLines": [], "indoorBound": {}, "functionZones": [], "roomType": null, "drRoomType": null, "roomName": null, "walls": [{"index": 1, "thickness": 100, "height": 3000, "points": [{"x": -2200, "y": 2275}, {"x": -100, "y": 2375}, {"x": -100, "y": 2275}, {"x": -2200, "y": 2375}], "normal": {"x": 0, "y": -1, "z": 0}, "nextWallThickness": 100}, {"index": 2, "thickness": 100, "height": 3000, "points": [{"x": -100, "y": 2375}, {"x": 0, "y": 1325}, {"x": -100, "y": 1325}, {"x": 0, "y": 2375}], "normal": {"x": -1, "y": 0, "z": 0}, "nextWallThickness": 100}, {"index": 3, "thickness": 100, "height": 3000, "points": [{"x": -100, "y": 1225}, {"x": 2050, "y": 1325}, {"x": 2050, "y": 1225}, {"x": -100, "y": 1325}], "normal": {"x": 0, "y": -1, "z": 0}, "nextWallThickness": 200}, {"index": 4, "thickness": 200, "height": 3000, "points": [{"x": 2050, "y": 1375}, {"x": 2250, "y": -2225}, {"x": 2050, "y": -2225}, {"x": 2250, "y": 1375}], "normal": {"x": -1, "y": 0, "z": 0}, "nextWallThickness": 200}, {"index": 5, "thickness": 200, "height": 3000, "points": [{"x": -1150, "y": -2220}, {"x": -1150, "y": -2420}, {"x": 2250, "y": -2225}, {"x": 2250, "y": -2425}], "normal": {"x": 0, "y": 1, "z": 0}, "nextWallThickness": 200}, {"index": 6, "thickness": 200, "height": 3000, "points": [{"x": -1350, "y": -2425}, {"x": -1150, "y": 475}, {"x": -1350, "y": 475}, {"x": -1150, "y": -2425}], "normal": {"x": 1, "y": 0, "z": 0}, "nextWallThickness": 200}, {"index": 7, "thickness": 200, "height": 3000, "points": [{"x": -2050, "y": 675}, {"x": -2050, "y": 475}, {"x": -1150, "y": 675}, {"x": -1150, "y": 475}], "normal": {"x": 0, "y": 1, "z": 0}, "nextWallThickness": 200}, {"index": 8, "thickness": 200, "height": 3000, "points": [{"x": -2250, "y": 475}, {"x": -2050, "y": 2275}, {"x": -2250, "y": 2275}, {"x": -2050, "y": 475}], "normal": {"x": 1, "y": 0, "z": 0}, "nextWallThickness": 100}], "windows": [{"index": 5, "scid": null, "width": 1800, "height": 1000, "thickness": 300, "normal": {"x": 0, "y": 1, "z": 0}, "points": [{"x": -150, "y": -2475}, {"x": -150, "y": -2175}, {"x": 1650, "y": -2175}, {"x": 1650, "y": -2475}]}], "doors": [{"index": 1, "scid": null, "width": 900, "height": 2400, "thickness": 300, "entrance": "ture", "normal": {"x": 0, "y": -1, "z": 0}, "points": [{"x": -1100, "y": 2175}, {"x": -1100, "y": 2475}, {"x": -200, "y": 2475}, {"x": -200, "y": 2175}]}, {"index": 2, "scid": null, "width": 800, "height": 2400, "thickness": 300, "entrance": false, "normal": {"x": -1, "y": 0, "z": 0}, "points": [{"x": -200, "y": 1425}, {"x": -200, "y": 2225}, {"x": 100, "y": 2225}, {"x": 100, "y": 1425}]}], "roomLocations": [], "functionZones_new": [{"id": "1", "bound": {"dx": 2944.4444444444443, "dy": 2979.310344827586}, "center": {"x": 388.88888888888914, "y": -438.79310344827604}}], "functionZones_layout": [{"id": 1, "rot": 180, "bound": {"dx": 2100.0, "dy": 1200.0}, "center": {"x": 1000.0, "y": -475.0}}, {"id": 3, "rot": 180, "bound": {"dx": 500.0, "dy": 500.0}, "center": {"x": 1800.0, "y": -1325.0}}, {"id": 3, "rot": 180, "bound": {"dx": 500.0, "dy": 500.0}, "center": {"x": 1800.0, "y": 375.0}}, {"id": 2, "rot": 270, "bound": {"dx": 2000.0, "dy": 600.0}, "center": {"x": 1050.0, "y": 925.0}}]}
