{"dataId": null, "houseId": null, "roomBound": null, "wallLines": [], "indoorBound": {}, "functionZones": [], "roomType": null, "drRoomType": null, "roomName": null, "walls": [{"index": 1, "thickness": 200, "height": 3000, "points": [{"x": -2450, "y": 500}, {"x": -200, "y": 700}, {"x": -200, "y": 500}, {"x": -2450, "y": 700}], "normal": {"x": 0, "y": -1, "z": 0}, "nextWallThickness": 100}, {"index": 2, "thickness": 100, "height": 3000, "points": [{"x": -200, "y": 550}, {"x": -100, "y": 2400}, {"x": -200, "y": 2400}, {"x": -100, "y": 550}], "normal": {"x": 1, "y": 0, "z": 0}, "nextWallThickness": 100}, {"index": 3, "thickness": 100, "height": 3000, "points": [{"x": -200, "y": 2400}, {"x": 2250, "y": 2500}, {"x": 2250, "y": 2400}, {"x": -200, "y": 2500}], "normal": {"x": 0, "y": -1, "z": 0}, "nextWallThickness": 200}, {"index": 4, "thickness": 200, "height": 3000, "points": [{"x": 2250, "y": 2550}, {"x": 2450, "y": 800}, {"x": 2250, "y": 800}, {"x": 2450, "y": 2550}], "normal": {"x": -1, "y": 0, "z": 0}, "nextWallThickness": 200}, {"index": 5, "thickness": 200, "height": 3000, "points": [{"x": 1000, "y": 800}, {"x": 1000, "y": 600}, {"x": 2450, "y": 800}, {"x": 2450, "y": 600}], "normal": {"x": 0, "y": 1, "z": 0}, "nextWallThickness": 100}, {"index": 6, "thickness": 100, "height": 3000, "points": [{"x": 900, "y": 750}, {"x": 1000, "y": -2350}, {"x": 900, "y": -2350}, {"x": 1000, "y": 750}], "normal": {"x": -1, "y": 0, "z": 0}, "nextWallThickness": 200}, {"index": 7, "thickness": 200, "height": 3000, "points": [{"x": -2300, "y": -2350}, {"x": -2300, "y": -2550}, {"x": 1050, "y": -2350}, {"x": 1050, "y": -2550}], "normal": {"x": 0, "y": 1, "z": 0}, "nextWallThickness": 100}, {"index": 8, "thickness": 100, "height": 3000, "points": [{"x": -2400, "y": -2500}, {"x": -2300, "y": 500}, {"x": -2400, "y": 500}, {"x": -2300, "y": -2500}], "normal": {"x": 1, "y": 0, "z": 0}, "nextWallThickness": 200}], "windows": [{"index": 7, "scid": null, "width": 1900, "height": 1000, "thickness": 300, "normal": {"x": 0, "y": 1, "z": 0}, "points": [{"x": -1800, "y": -2600}, {"x": -1800, "y": -2300}, {"x": 100, "y": -2300}, {"x": 100, "y": -2600}]}], "doors": [{"index": 2, "scid": null, "width": 800, "height": 2400, "thickness": 300, "entrance": false, "normal": {"x": 1, "y": 0, "z": 0}, "points": [{"x": -300, "y": 700}, {"x": -300, "y": 1500}, {"x": 0, "y": 1500}, {"x": 0, "y": 700}]}, {"index": 4, "scid": null, "width": 900, "height": 2400, "thickness": 300, "entrance": "ture", "normal": {"x": -1, "y": 0, "z": 0}, "points": [{"x": 2200, "y": 800}, {"x": 2200, "y": 1700}, {"x": 2500, "y": 1700}, {"x": 2500, "y": 800}]}], "roomLocations": [], "functionZones_new": [{"id": "1", "bound": {"dx": 2017.6470588235295, "dy": 2110.344827586207}, "center": {"x": -1210.5882352941176, "y": -1084.4827586206898}}], "functionZones_layout": [{"id": 1, "rot": 0, "bound": {"dx": 2100.0, "dy": 1200.0}, "center": {"x": -1250.0, "y": -1250.0}}, {"id": 3, "rot": 0, "bound": {"dx": 500.0, "dy": 500.0}, "center": {"x": -2050.0, "y": -400.0}}, {"id": 2, "rot": 270, "bound": {"dx": 2100.0, "dy": 600.0}, "center": {"x": -1250.0, "y": 200.0}}]}
{"dataId": null, "houseId": null, "roomBound": null, "wallLines": [], "indoorBound": {}, "functionZones": [], "roomType": null, "drRoomType": null, "roomName": null, "walls": [{"index": 1, "thickness": 200, "height": 3000, "points": [{"x": -2450, "y": 500}, {"x": -200, "y": 700}, {"x": -200, "y": 500}, {"x": -2450, "y": 700}], "normal": {"x": 0, "y": -1, "z": 0}, "nextWallThickness": 100}, {"index": 2, "thickness": 100, "height": 3000, "points": [{"x": -200, "y": 550}, {"x": -100, "y": 2400}, {"x": -200, "y": 2400}, {"x": -100, "y": 550}], "normal": {"x": 1, "y": 0, "z": 0}, "nextWallThickness": 100}, {"index": 3, "thickness": 100, "height": 3000, "points": [{"x": -200, "y": 2400}, {"x": 2250, "y": 2500}, {"x": 2250, "y": 2400}, {"x": -200, "y": 2500}], "normal": {"x": 0, "y": -1, "z": 0}, "nextWallThickness": 200}, {"index": 4, "thickness": 200, "height": 3000, "points": [{"x": 2250, "y": 2550}, {"x": 2450, "y": 800}, {"x": 2250, "y": 800}, {"x": 2450, "y": 2550}], "normal": {"x": -1, "y": 0, "z": 0}, "nextWallThickness": 200}, {"index": 5, "thickness": 200, "height": 3000, "points": [{"x": 1000, "y": 800}, {"x": 1000, "y": 600}, {"x": 2450, "y": 800}, {"x": 2450, "y": 600}], "normal": {"x": 0, "y": 1, "z": 0}, "nextWallThickness": 100}, {"index": 6, "thickness": 100, "height": 3000, "points": [{"x": 900, "y": 750}, {"x": 1000, "y": -2350}, {"x": 900, "y": -2350}, {"x": 1000, "y": 750}], "normal": {"x": -1, "y": 0, "z": 0}, "nextWallThickness": 200}, {"index": 7, "thickness": 200, "height": 3000, "points": [{"x": -2300, "y": -2350}, {"x": -2300, "y": -2550}, {"x": 1050, "y": -2350}, {"x": 1050, "y": -2550}], "normal": {"x": 0, "y": 1, "z": 0}, "nextWallThickness": 100}, {"index": 8, "thickness": 100, "height": 3000, "points": [{"x": -2400, "y": -2500}, {"x": -2300, "y": 500}, {"x": -2400, "y": 500}, {"x": -2300, "y": -2500}], "normal": {"x": 1, "y": 0, "z": 0}, "nextWallThickness": 200}], "windows": [{"index": 7, "scid": null, "width": 1900, "height": 1000, "thickness": 300, "normal": {"x": 0, "y": 1, "z": 0}, "points": [{"x": -1800, "y": -2600}, {"x": -1800, "y": -2300}, {"x": 100, "y": -2300}, {"x": 100, "y": -2600}]}], "doors": [{"index": 2, "scid": null, "width": 800, "height": 2400, "thickness": 300, "entrance": false, "normal": {"x": 1, "y": 0, "z": 0}, "points": [{"x": -300, "y": 700}, {"x": -300, "y": 1500}, {"x": 0, "y": 1500}, {"x": 0, "y": 700}]}, {"index": 4, "scid": null, "width": 900, "height": 2400, "thickness": 300, "entrance": "ture", "normal": {"x": -1, "y": 0, "z": 0}, "points": [{"x": 2200, "y": 800}, {"x": 2200, "y": 1700}, {"x": 2500, "y": 1700}, {"x": 2500, "y": 800}]}], "roomLocations": [], "functionZones_new": [{"id": "1", "bound": {"dx": 2017.6470588235295, "dy": 2110.344827586207}, "center": {"x": -1210.5882352941176, "y": -1084.4827586206898}}], "functionZones_layout": [{"id": 1, "rot": 0, "bound": {"dx": 2100.0, "dy": 1200.0}, "center": {"x": -1250.0, "y": -1250.0}}, {"id": 3, "rot": 0, "bound": {"dx": 500.0, "dy": 500.0}, "center": {"x": -2050.0, "y": -400.0}}, {"id": 2, "rot": 270, "bound": {"dx": 2100.0, "dy": 600.0}, "center": {"x": -1250.0, "y": 200.0}}]}
