{"dataId": null, "houseId": null, "roomBound": null, "wallLines": [], "indoorBound": {}, "functionZones": [], "roomType": null, "drRoomType": null, "roomName": null, "walls": [{"index": 1, "thickness": 100, "height": 3000, "points": [{"x": -1700, "y": 775}, {"x": 350, "y": 875}, {"x": 350, "y": 775}, {"x": -1700, "y": 875}], "normal": {"x": 0, "y": -1, "z": 0}, "nextWallThickness": 100}, {"index": 2, "thickness": 100, "height": 3000, "points": [{"x": 350, "y": 775}, {"x": 450, "y": 2725}, {"x": 350, "y": 2725}, {"x": 450, "y": 775}], "normal": {"x": 1, "y": 0, "z": 0}, "nextWallThickness": 100}, {"index": 3, "thickness": 100, "height": 3000, "points": [{"x": 350, "y": 2725}, {"x": 1550, "y": 2825}, {"x": 1550, "y": 2725}, {"x": 350, "y": 2825}], "normal": {"x": 0, "y": -1, "z": 0}, "nextWallThickness": 200}, {"index": 4, "thickness": 200, "height": 3000, "points": [{"x": 1550, "y": 2875}, {"x": 1750, "y": -2675}, {"x": 1550, "y": -2675}, {"x": 1750, "y": 2875}], "normal": {"x": -1, "y": 0, "z": 0}, "nextWallThickness": 200}, {"index": 5, "thickness": 200, "height": 3000, "points": [{"x": -1550, "y": -2675}, {"x": -1550, "y": -2875}, {"x": 1750, "y": -2675}, {"x": 1750, "y": -2875}], "normal": {"x": 0, "y": 1, "z": 0}, "nextWallThickness": 200}, {"index": 6, "thickness": 200, "height": 3000, "points": [{"x": -1750, "y": -2875}, {"x": -1550, "y": 775}, {"x": -1750, "y": 775}, {"x": -1550, "y": -2875}], "normal": {"x": 1, "y": 0, "z": 0}, "nextWallThickness": 100}], "windows": [{"index": 5, "scid": null, "width": 2150, "height": 1000, "thickness": 300, "normal": {"x": 0, "y": 1, "z": 0}, "points": [{"x": -1050, "y": -2925}, {"x": -1050, "y": -2625}, {"x": 1100, "y": -2625}, {"x": 1100, "y": -2925}]}], "doors": [{"index": 2, "scid": null, "width": 800, "height": 2400, "thickness": 300, "entrance": false, "normal": {"x": 1, "y": 0, "z": 0}, "points": [{"x": 250, "y": 975}, {"x": 250, "y": 1775}, {"x": 550, "y": 1775}, {"x": 550, "y": 975}]}, {"index": 4, "scid": null, "width": 900, "height": 2400, "thickness": 300, "entrance": "ture", "normal": {"x": -1, "y": 0, "z": 0}, "points": [{"x": 1500, "y": 1725}, {"x": 1500, "y": 2625}, {"x": 1800, "y": 2625}, {"x": 1800, "y": 1725}]}], "roomLocations": [], "functionZones_new": [{"id": "1", "bound": {"dx": 2509.433962264151, "dy": 2775.862068965517}, "center": {"x": -297.16981132075466, "y": -1354.8850574712644}}], "functionZones_layout": [{"id": 1, "rot": 0, "bound": {"dx": 2100.0, "dy": 1500.0}, "center": {"x": -500.0, "y": -1300.0}}, {"id": 3, "rot": 0, "bound": {"dx": 500.0, "dy": 500.0}, "center": {"x": -1300.0, "y": -300.0}}, {"id": 2, "rot": 270, "bound": {"dx": 1900.0, "dy": 600.0}, "center": {"x": -600.0, "y": 475.0}}, {"id": 4, "rot": 180, "bound": {"dx": 400.0, "dy": 1500.0}, "center": {"x": 1350.0, "y": -1300.0}}]}
