{"dataId": null, "houseId": null, "roomBound": null, "wallLines": [], "indoorBound": {}, "functionZones": [], "roomType": null, "drRoomType": null, "roomName": null, "walls": [{"index": 1, "thickness": 100, "height": 3000, "points": [{"x": -1900, "y": 1375}, {"x": 650, "y": 1475}, {"x": 650, "y": 1375}, {"x": -1900, "y": 1475}], "normal": {"x": 0, "y": -1, "z": 0}, "nextWallThickness": 100}, {"index": 2, "thickness": 100, "height": 3000, "points": [{"x": 650, "y": 1375}, {"x": 750, "y": 2775}, {"x": 650, "y": 2775}, {"x": 750, "y": 1375}], "normal": {"x": 1, "y": 0, "z": 0}, "nextWallThickness": 100}, {"index": 3, "thickness": 100, "height": 3000, "points": [{"x": 650, "y": 2775}, {"x": 1750, "y": 2875}, {"x": 1750, "y": 2775}, {"x": 650, "y": 2875}], "normal": {"x": 0, "y": -1, "z": 0}, "nextWallThickness": 200}, {"index": 4, "thickness": 200, "height": 3000, "points": [{"x": 1750, "y": 2925}, {"x": 1950, "y": -2725}, {"x": 1750, "y": -2725}, {"x": 1950, "y": 2925}], "normal": {"x": -1, "y": 0, "z": 0}, "nextWallThickness": 200}, {"index": 5, "thickness": 200, "height": 3000, "points": [{"x": -1750, "y": -2725}, {"x": -1750, "y": -2925}, {"x": 1950, "y": -2725}, {"x": 1950, "y": -2925}], "normal": {"x": 0, "y": 1, "z": 0}, "nextWallThickness": 200}, {"index": 6, "thickness": 200, "height": 3000, "points": [{"x": -1950, "y": -2925}, {"x": -1750, "y": 1375}, {"x": -1950, "y": 1375}, {"x": -1750, "y": -2925}], "normal": {"x": 1, "y": 0, "z": 0}, "nextWallThickness": 100}], "windows": [{"index": 5, "scid": null, "width": 2100, "height": 1000, "thickness": 300, "normal": {"x": 0, "y": 1, "z": 0}, "points": [{"x": -850, "y": -2975}, {"x": -850, "y": -2675}, {"x": 1250, "y": -2675}, {"x": 1250, "y": -2975}]}], "doors": [{"index": 2, "scid": null, "width": 800, "height": 2400, "thickness": 300, "entrance": false, "normal": {"x": 1, "y": 0, "z": 0}, "points": [{"x": 550, "y": 1575}, {"x": 550, "y": 2375}, {"x": 850, "y": 2375}, {"x": 850, "y": 1575}]}, {"index": 3, "scid": null, "width": 900, "height": 2400, "thickness": 300, "entrance": "ture", "normal": {"x": 0, "y": -1, "z": 0}, "points": [{"x": 800, "y": 2675}, {"x": 800, "y": 2975}, {"x": 1700, "y": 2975}, {"x": 1700, "y": 2675}]}], "roomLocations": [], "functionZones_new": [{"id": "1", "bound": {"dx": 3362.0689655172414, "dy": 3025.862068965517}, "center": {"x": 0.0, "y": -941.3793103448277}}], "functionZones_layout": [{"id": 1, "rot": 0, "bound": {"dx": 2100.0, "dy": 1500.0}, "center": {"x": -700.0, "y": -1025.0}}, {"id": 3, "rot": 0, "bound": {"dx": 500.0, "dy": 500.0}, "center": {"x": -1500.0, "y": -25.0}}, {"id": 2, "rot": 270, "bound": {"dx": 2400.0, "dy": 600.0}, "center": {"x": -550.0, "y": 1075.0}}, {"id": 4, "rot": 180, "bound": {"dx": 400.0, "dy": 1500.0}, "center": {"x": 1550.0, "y": -1025.0}}]}
