{"dataId": null, "houseId": null, "roomBound": null, "wallLines": [], "indoorBound": {}, "functionZones": [], "roomType": null, "drRoomType": null, "roomName": null, "walls": [{"index": 1, "thickness": 100, "height": 3000, "points": [{"x": -1850, "y": 2600}, {"x": -600, "y": 2700}, {"x": -600, "y": 2600}, {"x": -1850, "y": 2700}], "normal": {"x": 0, "y": -1, "z": 0}, "nextWallThickness": 100}, {"index": 2, "thickness": 100, "height": 3000, "points": [{"x": -600, "y": 2700}, {"x": -500, "y": 1650}, {"x": -600, "y": 1650}, {"x": -500, "y": 2700}], "normal": {"x": -1, "y": 0, "z": 0}, "nextWallThickness": 200}, {"index": 3, "thickness": 200, "height": 3000, "points": [{"x": -650, "y": 1450}, {"x": 1700, "y": 1650}, {"x": 1700, "y": 1450}, {"x": -650, "y": 1650}], "normal": {"x": 0, "y": -1, "z": 0}, "nextWallThickness": 200}, {"index": 4, "thickness": 200, "height": 3000, "points": [{"x": 1700, "y": 1650}, {"x": 1900, "y": -2550}, {"x": 1700, "y": -2550}, {"x": 1900, "y": 1650}], "normal": {"x": -1, "y": 0, "z": 0}, "nextWallThickness": 200}, {"index": 5, "thickness": 200, "height": 3000, "points": [{"x": -1700, "y": -2550}, {"x": -1700, "y": -2750}, {"x": 1900, "y": -2550}, {"x": 1900, "y": -2750}], "normal": {"x": 0, "y": 1, "z": 0}, "nextWallThickness": 200}, {"index": 6, "thickness": 200, "height": 3000, "points": [{"x": -1900, "y": -2750}, {"x": -1700, "y": 2600}, {"x": -1900, "y": 2600}, {"x": -1700, "y": -2750}], "normal": {"x": 1, "y": 0, "z": 0}, "nextWallThickness": 100}], "windows": [{"index": 5, "scid": null, "width": 2100, "height": 1000, "thickness": 300, "normal": {"x": 0, "y": 1, "z": 0}, "points": [{"x": -1150, "y": -2800}, {"x": -1150, "y": -2500}, {"x": 950, "y": -2500}, {"x": 950, "y": -2800}]}], "doors": [{"index": 1, "scid": null, "width": 900, "height": 2400, "thickness": 300, "entrance": "ture", "normal": {"x": 0, "y": -1, "z": 0}, "points": [{"x": -1600, "y": 2500}, {"x": -1600, "y": 2800}, {"x": -700, "y": 2800}, {"x": -700, "y": 2500}]}, {"index": 2, "scid": null, "width": 800, "height": 2400, "thickness": 300, "entrance": false, "normal": {"x": -1, "y": 0, "z": 0}, "points": [{"x": -700, "y": 1700}, {"x": -700, "y": 2500}, {"x": -400, "y": 2500}, {"x": -400, "y": 1700}]}], "roomLocations": [], "functionZones_new": [{"id": "1", "bound": {"dx": 2090.0, "dy": 2693.6781609195405}, "center": {"x": 665.0, "y": -964.655172413793}}], "functionZones_layout": [{"id": 1, "rot": 180, "bound": {"dx": 2100.0, "dy": 1200.0}, "center": {"x": 650.0, "y": -900.0}}, {"id": 3, "rot": 180, "bound": {"dx": 500.0, "dy": 500.0}, "center": {"x": 1450.0, "y": -50.0}}, {"id": 2, "rot": 270, "bound": {"dx": 2200.0, "dy": 600.0}, "center": {"x": 600.0, "y": 1150.0}}]}
