{"dataId": null, "houseId": null, "roomBound": null, "wallLines": [], "indoorBound": {}, "functionZones": [], "roomType": null, "drRoomType": null, "roomName": null, "walls": [{"index": 1, "thickness": 200, "height": 3000, "points": [{"x": 650, "y": 3200}, {"x": 1800, "y": 3400}, {"x": 1800, "y": 3200}, {"x": 650, "y": 3400}], "normal": {"x": 0, "y": -1, "z": 0}, "nextWallThickness": 200}, {"index": 2, "thickness": 200, "height": 3000, "points": [{"x": 1800, "y": 3400}, {"x": 2000, "y": -3200}, {"x": 1800, "y": -3200}, {"x": 2000, "y": 3400}], "normal": {"x": -1, "y": 0, "z": 0}, "nextWallThickness": 200}, {"index": 3, "thickness": 200, "height": 3000, "points": [{"x": -1800, "y": -3200}, {"x": -1800, "y": -3400}, {"x": 2000, "y": -3200}, {"x": 2000, "y": -3400}], "normal": {"x": 0, "y": 1, "z": 0}, "nextWallThickness": 200}, {"index": 4, "thickness": 200, "height": 3000, "points": [{"x": -2000, "y": -3400}, {"x": -1800, "y": 950}, {"x": -2000, "y": 950}, {"x": -1800, "y": -3400}], "normal": {"x": 1, "y": 0, "z": 0}, "nextWallThickness": 200}, {"index": 5, "thickness": 200, "height": 3000, "points": [{"x": -2000, "y": 950}, {"x": 700, "y": 1150}, {"x": 700, "y": 950}, {"x": -2000, "y": 1150}], "normal": {"x": 0, "y": -1, "z": 0}, "nextWallThickness": 100}, {"index": 6, "thickness": 100, "height": 3000, "points": [{"x": 700, "y": 1000}, {"x": 800, "y": 3200}, {"x": 700, "y": 3200}, {"x": 800, "y": 1000}], "normal": {"x": 1, "y": 0, "z": 0}, "nextWallThickness": 200}], "windows": [{"index": 3, "scid": null, "width": 2400, "height": 1000, "thickness": 300, "normal": {"x": 0, "y": 1, "z": 0}, "points": [{"x": -1200, "y": -3450}, {"x": -1200, "y": -3150}, {"x": 1200, "y": -3150}, {"x": 1200, "y": -3450}]}], "doors": [{"index": 2, "scid": null, "width": 900, "height": 2400, "thickness": 300, "entrance": true, "normal": {"x": -1, "y": 0, "z": 0}, "points": [{"x": 1750, "y": 2250}, {"x": 1750, "y": 3150}, {"x": 2050, "y": 3150}, {"x": 2050, "y": 2250}]}, {"index": 6, "scid": null, "width": 900, "height": 2400, "thickness": 300, "entrance": false, "normal": {"x": 1, "y": 0, "z": 0}, "points": [{"x": 600, "y": 1150}, {"x": 600, "y": 2050}, {"x": 900, "y": 2050}, {"x": 900, "y": 1150}]}], "roomLocations": [], "functionZones_new": [{"id": "1", "bound": {"dx": 2692.3076923076924, "dy": 3245.454545454545}, "center": {"x": -346.1538461538462, "y": -1313.636363636364}}], "functionZones_layout": [{"id": 1, "rot": 0, "bound": {"dx": 2100.0, "dy": 1200.0}, "center": {"x": -750.0, "y": -1275.0}}, {"id": 3, "rot": 0, "bound": {"dx": 500.0, "dy": 500.0}, "center": {"x": -1550.0, "y": -2125.0}}, {"id": 3, "rot": 0, "bound": {"dx": 500.0, "dy": 500.0}, "center": {"x": -1550.0, "y": -425.0}}, {"id": 2, "rot": 270, "bound": {"dx": 2400.0, "dy": 600.0}, "center": {"x": -600.0, "y": 650.0}}]}
