{"dataId": null, "houseId": null, "roomBound": null, "wallLines": [], "indoorBound": {}, "functionZones": [], "roomType": null, "drRoomType": null, "roomName": null, "walls": [{"index": 1, "thickness": 100, "height": 3000, "points": [{"x": -1725, "y": 1975}, {"x": 1575, "y": 2075}, {"x": 1575, "y": 1975}, {"x": -1725, "y": 2075}], "normal": {"x": 0, "y": -1, "z": 0}, "nextWallThickness": 200}, {"index": 2, "thickness": 200, "height": 3000, "points": [{"x": 1575, "y": 2125}, {"x": 1775, "y": -1975}, {"x": 1575, "y": -1975}, {"x": 1775, "y": 2125}], "normal": {"x": -1, "y": 0, "z": 0}, "nextWallThickness": 100}, {"index": 3, "thickness": 100, "height": 3000, "points": [{"x": -1575, "y": -1975}, {"x": -1575, "y": -2075}, {"x": 1725, "y": -1975}, {"x": 1725, "y": -2075}], "normal": {"x": 0, "y": 1, "z": 0}, "nextWallThickness": 200}, {"index": 4, "thickness": 200, "height": 3000, "points": [{"x": -1775, "y": -2125}, {"x": -1575, "y": 1975}, {"x": -1775, "y": 1975}, {"x": -1575, "y": -2125}], "normal": {"x": 1, "y": 0, "z": 0}, "nextWallThickness": 100}], "windows": [{"index": 3, "scid": null, "width": 1800, "height": 1000, "thickness": 300, "normal": {"x": 0, "y": 1, "z": 0}, "points": [{"x": -875, "y": -2175}, {"x": -875, "y": -1875}, {"x": 925, "y": -1875}, {"x": 925, "y": -2175}]}], "doors": [{"index": 1, "scid": null, "width": 900, "height": 2400, "thickness": 300, "entrance": true, "normal": {"x": 0, "y": -1, "z": 0}, "points": [{"x": 625, "y": 1875}, {"x": 625, "y": 2175}, {"x": 1525, "y": 2175}, {"x": 1525, "y": 1875}]}], "roomLocations": [], "functionZones_new": [{"id": "1", "bound": {"dx": 1702.054794520548, "dy": 1905.1724137931035}, "center": {"x": 680.8219178082195, "y": -97.70114942528744}}], "functionZones_layout": [{"id": 1, "rot": 0, "bound": {"dx": 2100.0, "dy": 1200.0}, "center": {"x": -525.0, "y": -725.0}}, {"id": 3, "rot": 0, "bound": {"dx": 500.0, "dy": 500.0}, "center": {"x": -1325.0, "y": 125.0}}, {"id": 9, "rot": -10000, "points": [[-1575.0, 1975.0], [-1575, 575], [-975, 575], [-975, 1375], [575, 1375], [575, 1975]]}]}
{"dataId": null, "houseId": null, "roomBound": null, "wallLines": [], "indoorBound": {}, "functionZones": [], "roomType": null, "drRoomType": null, "roomName": null, "walls": [{"index": 1, "thickness": 100, "height": 3000, "points": [{"x": -1725, "y": 1975}, {"x": 1575, "y": 2075}, {"x": 1575, "y": 1975}, {"x": -1725, "y": 2075}], "normal": {"x": 0, "y": -1, "z": 0}, "nextWallThickness": 200}, {"index": 2, "thickness": 200, "height": 3000, "points": [{"x": 1575, "y": 2125}, {"x": 1775, "y": -1975}, {"x": 1575, "y": -1975}, {"x": 1775, "y": 2125}], "normal": {"x": -1, "y": 0, "z": 0}, "nextWallThickness": 100}, {"index": 3, "thickness": 100, "height": 3000, "points": [{"x": -1575, "y": -1975}, {"x": -1575, "y": -2075}, {"x": 1725, "y": -1975}, {"x": 1725, "y": -2075}], "normal": {"x": 0, "y": 1, "z": 0}, "nextWallThickness": 200}, {"index": 4, "thickness": 200, "height": 3000, "points": [{"x": -1775, "y": -2125}, {"x": -1575, "y": 1975}, {"x": -1775, "y": 1975}, {"x": -1575, "y": -2125}], "normal": {"x": 1, "y": 0, "z": 0}, "nextWallThickness": 100}], "windows": [{"index": 3, "scid": null, "width": 1800, "height": 1000, "thickness": 300, "normal": {"x": 0, "y": 1, "z": 0}, "points": [{"x": -875, "y": -2175}, {"x": -875, "y": -1875}, {"x": 925, "y": -1875}, {"x": 925, "y": -2175}]}], "doors": [{"index": 1, "scid": null, "width": 900, "height": 2400, "thickness": 300, "entrance": true, "normal": {"x": 0, "y": -1, "z": 0}, "points": [{"x": 625, "y": 1875}, {"x": 625, "y": 2175}, {"x": 1525, "y": 2175}, {"x": 1525, "y": 1875}]}], "roomLocations": [], "functionZones_new": [{"id": "1", "bound": {"dx": 1702.054794520548, "dy": 1905.1724137931035}, "center": {"x": 680.8219178082195, "y": -97.70114942528744}}], "functionZones_layout": [{"id": 1, "rot": 0, "bound": {"dx": 2100.0, "dy": 1200.0}, "center": {"x": -525.0, "y": -725.0}}, {"id": 3, "rot": 0, "bound": {"dx": 500.0, "dy": 500.0}, "center": {"x": -1325.0, "y": 125.0}}, {"id": 9, "rot": -10000, "points": [[-1575.0, 1975.0], [-1575, 575], [-975, 575], [-975, 1375], [575, 1375], [575, 1975]]}]}
{"dataId": null, "houseId": null, "roomBound": null, "wallLines": [], "indoorBound": {}, "functionZones": [], "roomType": null, "drRoomType": null, "roomName": null, "walls": [{"index": 1, "thickness": 100, "height": 3000, "points": [{"x": -1725, "y": 1975}, {"x": 1575, "y": 2075}, {"x": 1575, "y": 1975}, {"x": -1725, "y": 2075}], "normal": {"x": 0, "y": -1, "z": 0}, "nextWallThickness": 200}, {"index": 2, "thickness": 200, "height": 3000, "points": [{"x": 1575, "y": 2125}, {"x": 1775, "y": -1975}, {"x": 1575, "y": -1975}, {"x": 1775, "y": 2125}], "normal": {"x": -1, "y": 0, "z": 0}, "nextWallThickness": 100}, {"index": 3, "thickness": 100, "height": 3000, "points": [{"x": -1575, "y": -1975}, {"x": -1575, "y": -2075}, {"x": 1725, "y": -1975}, {"x": 1725, "y": -2075}], "normal": {"x": 0, "y": 1, "z": 0}, "nextWallThickness": 200}, {"index": 4, "thickness": 200, "height": 3000, "points": [{"x": -1775, "y": -2125}, {"x": -1575, "y": 1975}, {"x": -1775, "y": 1975}, {"x": -1575, "y": -2125}], "normal": {"x": 1, "y": 0, "z": 0}, "nextWallThickness": 100}], "windows": [{"index": 3, "scid": null, "width": 1800, "height": 1000, "thickness": 300, "normal": {"x": 0, "y": 1, "z": 0}, "points": [{"x": -875, "y": -2175}, {"x": -875, "y": -1875}, {"x": 925, "y": -1875}, {"x": 925, "y": -2175}]}], "doors": [{"index": 1, "scid": null, "width": 900, "height": 2400, "thickness": 300, "entrance": true, "normal": {"x": 0, "y": -1, "z": 0}, "points": [{"x": 625, "y": 1875}, {"x": 625, "y": 2175}, {"x": 1525, "y": 2175}, {"x": 1525, "y": 1875}]}], "roomLocations": [], "functionZones_new": [{"id": "1", "bound": {"dx": 1702.054794520548, "dy": 1905.1724137931035}, "center": {"x": 680.8219178082195, "y": -97.70114942528744}}], "functionZones_layout": [{"id": 1, "rot": 0, "bound": {"dx": 2100.0, "dy": 1200.0}, "center": {"x": -525.0, "y": -725.0}}, {"id": 3, "rot": 0, "bound": {"dx": 500.0, "dy": 500.0}, "center": {"x": -1325.0, "y": 125.0}}, {"id": 9, "rot": -10000, "points": [[-1575.0, 1975.0], [-1575, 575], [-975, 575], [-975, 1375], [575, 1375], [575, 1975]]}]}
