{"dataId": null, "houseId": null, "roomBound": null, "wallLines": [], "indoorBound": {}, "functionZones": [], "roomType": null, "drRoomType": null, "roomName": null, "walls": [{"index": 1, "thickness": 100, "height": 3000, "points": [{"x": -1700, "y": 1575}, {"x": 360, "y": 1675}, {"x": 360, "y": 1575}, {"x": -1700, "y": 1675}], "normal": {"x": 0, "y": -1, "z": 0}, "nextWallThickness": 100}, {"index": 2, "thickness": 100, "height": 3000, "points": [{"x": 360, "y": 1575}, {"x": 460, "y": 2675}, {"x": 360, "y": 2675}, {"x": 460, "y": 1575}], "normal": {"x": 1, "y": 0, "z": 0}, "nextWallThickness": 100}, {"index": 3, "thickness": 100, "height": 3000, "points": [{"x": 360, "y": 2675}, {"x": 1560, "y": 2775}, {"x": 1560, "y": 2675}, {"x": 360, "y": 2775}], "normal": {"x": 0, "y": -1, "z": 0}, "nextWallThickness": 180}, {"index": 4, "thickness": 180, "height": 3000, "points": [{"x": 1560, "y": 2815}, {"x": 1740, "y": -2035}, {"x": 1560, "y": -2035}, {"x": 1740, "y": 2815}], "normal": {"x": -1, "y": 0, "z": 0}, "nextWallThickness": 180}, {"index": 5, "thickness": 180, "height": 3000, "points": [{"x": 940, "y": -2035}, {"x": 940, "y": -2215}, {"x": 1740, "y": -2035}, {"x": 1740, "y": -2215}], "normal": {"x": 0, "y": 1, "z": 0}, "nextWallThickness": 180}, {"index": 6, "thickness": 180, "height": 3000, "points": [{"x": 760, "y": -2035}, {"x": 940, "y": -2635}, {"x": 760, "y": -2635}, {"x": 940, "y": -2035}], "normal": {"x": -1, "y": 0, "z": 0}, "nextWallThickness": 180}, {"index": 7, "thickness": 180, "height": 3000, "points": [{"x": -1560, "y": -2635}, {"x": -1560, "y": -2815}, {"x": 940, "y": -2635}, {"x": 940, "y": -2815}], "normal": {"x": 0, "y": 1, "z": 0}, "nextWallThickness": 180}, {"index": 8, "thickness": 180, "height": 3000, "points": [{"x": -1740, "y": -2815}, {"x": -1560, "y": 1575}, {"x": -1740, "y": 1575}, {"x": -1560, "y": -2815}], "normal": {"x": 1, "y": 0, "z": 0}, "nextWallThickness": 100}], "windows": [{"index": 7, "scid": null, "width": 1800, "height": 1000, "thickness": 300, "normal": {"x": 0, "y": 1, "z": 0}, "points": [{"x": -1140, "y": -2875}, {"x": -1140, "y": -2575}, {"x": 660, "y": -2575}, {"x": 660, "y": -2875}]}], "doors": [{"index": 2, "scid": null, "width": 800, "height": 2400, "thickness": 300, "entrance": false, "normal": {"x": 1, "y": 0, "z": 0}, "points": [{"x": 260, "y": 1775}, {"x": 260, "y": 2575}, {"x": 560, "y": 2575}, {"x": 560, "y": 1775}]}, {"index": 3, "scid": null, "width": 900, "height": 2400, "thickness": 300, "entrance": "ture", "normal": {"x": 0, "y": -1, "z": 0}, "points": [{"x": 560, "y": 2575}, {"x": 560, "y": 2875}, {"x": 1460, "y": 2875}, {"x": 1460, "y": 2575}]}], "roomLocations": [], "functionZones_new": [{"id": "1", "bound": {"dx": 2513.3333333333335, "dy": 2588.5057471264367}, "center": {"x": 225.55555555555543, "y": -808.9080459770116}}], "functionZones_layout": [{"id": 1, "rot": 0, "bound": {"dx": 2100.0, "dy": 1800.0}, "center": {"x": -510.0, "y": -1270.0}}, {"id": 3, "rot": 0, "bound": {"dx": 500.0, "dy": 500.0}, "center": {"x": -1310.0, "y": -120.0}}, {"id": 9, "rot": -10000, "points": [[-1560.0, 1575.0], [-1560, 175], [540, 175], [540, 775], [-960, 775], [-960, 1575]]}, {"id": 4, "rot": 180, "bound": {"dx": 400.0, "dy": 1500.0}, "center": {"x": 1360.0, "y": -1270.0}}]}
{"dataId": null, "houseId": null, "roomBound": null, "wallLines": [], "indoorBound": {}, "functionZones": [], "roomType": null, "drRoomType": null, "roomName": null, "walls": [{"index": 1, "thickness": 100, "height": 3000, "points": [{"x": -1700, "y": 1575}, {"x": 360, "y": 1675}, {"x": 360, "y": 1575}, {"x": -1700, "y": 1675}], "normal": {"x": 0, "y": -1, "z": 0}, "nextWallThickness": 100}, {"index": 2, "thickness": 100, "height": 3000, "points": [{"x": 360, "y": 1575}, {"x": 460, "y": 2675}, {"x": 360, "y": 2675}, {"x": 460, "y": 1575}], "normal": {"x": 1, "y": 0, "z": 0}, "nextWallThickness": 100}, {"index": 3, "thickness": 100, "height": 3000, "points": [{"x": 360, "y": 2675}, {"x": 1560, "y": 2775}, {"x": 1560, "y": 2675}, {"x": 360, "y": 2775}], "normal": {"x": 0, "y": -1, "z": 0}, "nextWallThickness": 180}, {"index": 4, "thickness": 180, "height": 3000, "points": [{"x": 1560, "y": 2815}, {"x": 1740, "y": -2035}, {"x": 1560, "y": -2035}, {"x": 1740, "y": 2815}], "normal": {"x": -1, "y": 0, "z": 0}, "nextWallThickness": 180}, {"index": 5, "thickness": 180, "height": 3000, "points": [{"x": 940, "y": -2035}, {"x": 940, "y": -2215}, {"x": 1740, "y": -2035}, {"x": 1740, "y": -2215}], "normal": {"x": 0, "y": 1, "z": 0}, "nextWallThickness": 180}, {"index": 6, "thickness": 180, "height": 3000, "points": [{"x": 760, "y": -2035}, {"x": 940, "y": -2635}, {"x": 760, "y": -2635}, {"x": 940, "y": -2035}], "normal": {"x": -1, "y": 0, "z": 0}, "nextWallThickness": 180}, {"index": 7, "thickness": 180, "height": 3000, "points": [{"x": -1560, "y": -2635}, {"x": -1560, "y": -2815}, {"x": 940, "y": -2635}, {"x": 940, "y": -2815}], "normal": {"x": 0, "y": 1, "z": 0}, "nextWallThickness": 180}, {"index": 8, "thickness": 180, "height": 3000, "points": [{"x": -1740, "y": -2815}, {"x": -1560, "y": 1575}, {"x": -1740, "y": 1575}, {"x": -1560, "y": -2815}], "normal": {"x": 1, "y": 0, "z": 0}, "nextWallThickness": 100}], "windows": [{"index": 7, "scid": null, "width": 1800, "height": 1000, "thickness": 300, "normal": {"x": 0, "y": 1, "z": 0}, "points": [{"x": -1140, "y": -2875}, {"x": -1140, "y": -2575}, {"x": 660, "y": -2575}, {"x": 660, "y": -2875}]}], "doors": [{"index": 2, "scid": null, "width": 800, "height": 2400, "thickness": 300, "entrance": false, "normal": {"x": 1, "y": 0, "z": 0}, "points": [{"x": 260, "y": 1775}, {"x": 260, "y": 2575}, {"x": 560, "y": 2575}, {"x": 560, "y": 1775}]}, {"index": 3, "scid": null, "width": 900, "height": 2400, "thickness": 300, "entrance": "ture", "normal": {"x": 0, "y": -1, "z": 0}, "points": [{"x": 560, "y": 2575}, {"x": 560, "y": 2875}, {"x": 1460, "y": 2875}, {"x": 1460, "y": 2575}]}], "roomLocations": [], "functionZones_new": [{"id": "1", "bound": {"dx": 2513.3333333333335, "dy": 2588.5057471264367}, "center": {"x": 225.55555555555543, "y": -808.9080459770116}}], "functionZones_layout": [{"id": 1, "rot": 0, "bound": {"dx": 2100.0, "dy": 1800.0}, "center": {"x": -510.0, "y": -1270.0}}, {"id": 3, "rot": 0, "bound": {"dx": 500.0, "dy": 500.0}, "center": {"x": -1310.0, "y": -120.0}}, {"id": 9, "rot": -10000, "points": [[-1560.0, 1575.0], [-1560, 175], [540, 175], [540, 775], [-960, 775], [-960, 1575]]}, {"id": 4, "rot": 180, "bound": {"dx": 400.0, "dy": 1500.0}, "center": {"x": 1360.0, "y": -1270.0}}]}
{"dataId": null, "houseId": null, "roomBound": null, "wallLines": [], "indoorBound": {}, "functionZones": [], "roomType": null, "drRoomType": null, "roomName": null, "walls": [{"index": 1, "thickness": 100, "height": 3000, "points": [{"x": -1700, "y": 1575}, {"x": 360, "y": 1675}, {"x": 360, "y": 1575}, {"x": -1700, "y": 1675}], "normal": {"x": 0, "y": -1, "z": 0}, "nextWallThickness": 100}, {"index": 2, "thickness": 100, "height": 3000, "points": [{"x": 360, "y": 1575}, {"x": 460, "y": 2675}, {"x": 360, "y": 2675}, {"x": 460, "y": 1575}], "normal": {"x": 1, "y": 0, "z": 0}, "nextWallThickness": 100}, {"index": 3, "thickness": 100, "height": 3000, "points": [{"x": 360, "y": 2675}, {"x": 1560, "y": 2775}, {"x": 1560, "y": 2675}, {"x": 360, "y": 2775}], "normal": {"x": 0, "y": -1, "z": 0}, "nextWallThickness": 180}, {"index": 4, "thickness": 180, "height": 3000, "points": [{"x": 1560, "y": 2815}, {"x": 1740, "y": -2035}, {"x": 1560, "y": -2035}, {"x": 1740, "y": 2815}], "normal": {"x": -1, "y": 0, "z": 0}, "nextWallThickness": 180}, {"index": 5, "thickness": 180, "height": 3000, "points": [{"x": 940, "y": -2035}, {"x": 940, "y": -2215}, {"x": 1740, "y": -2035}, {"x": 1740, "y": -2215}], "normal": {"x": 0, "y": 1, "z": 0}, "nextWallThickness": 180}, {"index": 6, "thickness": 180, "height": 3000, "points": [{"x": 760, "y": -2035}, {"x": 940, "y": -2635}, {"x": 760, "y": -2635}, {"x": 940, "y": -2035}], "normal": {"x": -1, "y": 0, "z": 0}, "nextWallThickness": 180}, {"index": 7, "thickness": 180, "height": 3000, "points": [{"x": -1560, "y": -2635}, {"x": -1560, "y": -2815}, {"x": 940, "y": -2635}, {"x": 940, "y": -2815}], "normal": {"x": 0, "y": 1, "z": 0}, "nextWallThickness": 180}, {"index": 8, "thickness": 180, "height": 3000, "points": [{"x": -1740, "y": -2815}, {"x": -1560, "y": 1575}, {"x": -1740, "y": 1575}, {"x": -1560, "y": -2815}], "normal": {"x": 1, "y": 0, "z": 0}, "nextWallThickness": 100}], "windows": [{"index": 7, "scid": null, "width": 1800, "height": 1000, "thickness": 300, "normal": {"x": 0, "y": 1, "z": 0}, "points": [{"x": -1140, "y": -2875}, {"x": -1140, "y": -2575}, {"x": 660, "y": -2575}, {"x": 660, "y": -2875}]}], "doors": [{"index": 2, "scid": null, "width": 800, "height": 2400, "thickness": 300, "entrance": false, "normal": {"x": 1, "y": 0, "z": 0}, "points": [{"x": 260, "y": 1775}, {"x": 260, "y": 2575}, {"x": 560, "y": 2575}, {"x": 560, "y": 1775}]}, {"index": 3, "scid": null, "width": 900, "height": 2400, "thickness": 300, "entrance": "ture", "normal": {"x": 0, "y": -1, "z": 0}, "points": [{"x": 560, "y": 2575}, {"x": 560, "y": 2875}, {"x": 1460, "y": 2875}, {"x": 1460, "y": 2575}]}], "roomLocations": [], "functionZones_new": [{"id": "1", "bound": {"dx": 2513.3333333333335, "dy": 2588.5057471264367}, "center": {"x": 225.55555555555543, "y": -808.9080459770116}}], "functionZones_layout": [{"id": 1, "rot": 0, "bound": {"dx": 2100.0, "dy": 1800.0}, "center": {"x": -510.0, "y": -1270.0}}, {"id": 3, "rot": 0, "bound": {"dx": 500.0, "dy": 500.0}, "center": {"x": -1310.0, "y": -120.0}}, {"id": 9, "rot": -10000, "points": [[-1560.0, 1575.0], [-1560, 175], [540, 175], [540, 775], [-960, 775], [-960, 1575]]}, {"id": 4, "rot": 180, "bound": {"dx": 400.0, "dy": 1500.0}, "center": {"x": 1360.0, "y": -1270.0}}]}
