{"dataId": null, "houseId": null, "roomBound": null, "wallLines": [], "indoorBound": {}, "functionZones": [], "roomType": null, "drRoomType": null, "roomName": null, "walls": [{"index": 1, "thickness": 100, "height": 3000, "points": [{"x": -1800, "y": 2625}, {"x": -650, "y": 2725}, {"x": -650, "y": 2625}, {"x": -1800, "y": 2725}], "normal": {"x": 0, "y": -1, "z": 0}, "nextWallThickness": 100}, {"index": 2, "thickness": 100, "height": 3000, "points": [{"x": -650, "y": 2725}, {"x": -550, "y": 2125}, {"x": -650, "y": 2125}, {"x": -550, "y": 2725}], "normal": {"x": -1, "y": 0, "z": 0}, "nextWallThickness": 100}, {"index": 3, "thickness": 100, "height": 3000, "points": [{"x": -650, "y": 2025}, {"x": 1650, "y": 2125}, {"x": 1650, "y": 2025}, {"x": -650, "y": 2125}], "normal": {"x": 0, "y": -1, "z": 0}, "nextWallThickness": 200}, {"index": 4, "thickness": 200, "height": 3000, "points": [{"x": 1650, "y": 2175}, {"x": 1850, "y": -2575}, {"x": 1650, "y": -2575}, {"x": 1850, "y": 2175}], "normal": {"x": -1, "y": 0, "z": 0}, "nextWallThickness": 200}, {"index": 5, "thickness": 200, "height": 3000, "points": [{"x": -1650, "y": -2575}, {"x": -1650, "y": -2775}, {"x": 1850, "y": -2575}, {"x": 1850, "y": -2775}], "normal": {"x": 0, "y": 1, "z": 0}, "nextWallThickness": 200}, {"index": 6, "thickness": 200, "height": 3000, "points": [{"x": -1850, "y": -2775}, {"x": -1650, "y": 2625}, {"x": -1850, "y": 2625}, {"x": -1650, "y": -2775}], "normal": {"x": 1, "y": 0, "z": 0}, "nextWallThickness": 100}], "windows": [{"index": 5, "scid": null, "width": 2500, "height": 1000, "thickness": 300, "normal": {"x": 0, "y": 1, "z": 0}, "points": [{"x": -1250, "y": -2825}, {"x": -1250, "y": -2525}, {"x": 1250, "y": -2525}, {"x": 1250, "y": -2825}]}], "doors": [{"index": 1, "scid": null, "width": 900, "height": 2400, "thickness": 300, "entrance": "ture", "normal": {"x": 0, "y": -1, "z": 0}, "points": [{"x": -1600, "y": 2525}, {"x": -1600, "y": 2825}, {"x": -700, "y": 2825}, {"x": -700, "y": 2525}]}, {"index": 3, "scid": null, "width": 800, "height": 2400, "thickness": 300, "entrance": false, "normal": {"x": 0, "y": -1, "z": 0}, "points": [{"x": 150, "y": 1925}, {"x": 150, "y": 2225}, {"x": 950, "y": 2225}, {"x": 950, "y": 1925}]}], "roomLocations": [], "functionZones_new": [{"id": "1", "bound": {"dx": 2487.9310344827586, "dy": 3160.919540229885}, "center": {"x": 414.655172413793, "y": -688.7931034482758}}], "functionZones_layout": [{"id": 1, "rot": 180, "bound": {"dx": 2100.0, "dy": 1800.0}, "center": {"x": 600.0, "y": -1000.0}}, {"id": 3, "rot": 180, "bound": {"dx": 500.0, "dy": 500.0}, "center": {"x": 1400.0, "y": 150.0}}, {"id": 9, "rot": -10000, "points": [[1650.0, 2025.0], [1650, 625], [-450, 625], [-450, 1225], [1050, 1225], [1050, 2025]]}, {"id": 4, "rot": 0, "bound": {"dx": 400.0, "dy": 1500.0}, "center": {"x": -1450.0, "y": -1000.0}}]}
{"dataId": null, "houseId": null, "roomBound": null, "wallLines": [], "indoorBound": {}, "functionZones": [], "roomType": null, "drRoomType": null, "roomName": null, "walls": [{"index": 1, "thickness": 100, "height": 3000, "points": [{"x": -1800, "y": 2625}, {"x": -650, "y": 2725}, {"x": -650, "y": 2625}, {"x": -1800, "y": 2725}], "normal": {"x": 0, "y": -1, "z": 0}, "nextWallThickness": 100}, {"index": 2, "thickness": 100, "height": 3000, "points": [{"x": -650, "y": 2725}, {"x": -550, "y": 2125}, {"x": -650, "y": 2125}, {"x": -550, "y": 2725}], "normal": {"x": -1, "y": 0, "z": 0}, "nextWallThickness": 100}, {"index": 3, "thickness": 100, "height": 3000, "points": [{"x": -650, "y": 2025}, {"x": 1650, "y": 2125}, {"x": 1650, "y": 2025}, {"x": -650, "y": 2125}], "normal": {"x": 0, "y": -1, "z": 0}, "nextWallThickness": 200}, {"index": 4, "thickness": 200, "height": 3000, "points": [{"x": 1650, "y": 2175}, {"x": 1850, "y": -2575}, {"x": 1650, "y": -2575}, {"x": 1850, "y": 2175}], "normal": {"x": -1, "y": 0, "z": 0}, "nextWallThickness": 200}, {"index": 5, "thickness": 200, "height": 3000, "points": [{"x": -1650, "y": -2575}, {"x": -1650, "y": -2775}, {"x": 1850, "y": -2575}, {"x": 1850, "y": -2775}], "normal": {"x": 0, "y": 1, "z": 0}, "nextWallThickness": 200}, {"index": 6, "thickness": 200, "height": 3000, "points": [{"x": -1850, "y": -2775}, {"x": -1650, "y": 2625}, {"x": -1850, "y": 2625}, {"x": -1650, "y": -2775}], "normal": {"x": 1, "y": 0, "z": 0}, "nextWallThickness": 100}], "windows": [{"index": 5, "scid": null, "width": 2500, "height": 1000, "thickness": 300, "normal": {"x": 0, "y": 1, "z": 0}, "points": [{"x": -1250, "y": -2825}, {"x": -1250, "y": -2525}, {"x": 1250, "y": -2525}, {"x": 1250, "y": -2825}]}], "doors": [{"index": 1, "scid": null, "width": 900, "height": 2400, "thickness": 300, "entrance": "ture", "normal": {"x": 0, "y": -1, "z": 0}, "points": [{"x": -1600, "y": 2525}, {"x": -1600, "y": 2825}, {"x": -700, "y": 2825}, {"x": -700, "y": 2525}]}, {"index": 3, "scid": null, "width": 800, "height": 2400, "thickness": 300, "entrance": false, "normal": {"x": 0, "y": -1, "z": 0}, "points": [{"x": 150, "y": 1925}, {"x": 150, "y": 2225}, {"x": 950, "y": 2225}, {"x": 950, "y": 1925}]}], "roomLocations": [], "functionZones_new": [{"id": "1", "bound": {"dx": 2487.9310344827586, "dy": 3160.919540229885}, "center": {"x": 414.655172413793, "y": -688.7931034482758}}], "functionZones_layout": [{"id": 1, "rot": 180, "bound": {"dx": 2100.0, "dy": 1800.0}, "center": {"x": 600.0, "y": -1000.0}}, {"id": 3, "rot": 180, "bound": {"dx": 500.0, "dy": 500.0}, "center": {"x": 1400.0, "y": 150.0}}, {"id": 9, "rot": -10000, "points": [[1650.0, 2025.0], [1650, 625], [-450, 625], [-450, 1225], [1050, 1225], [1050, 2025]]}, {"id": 4, "rot": 0, "bound": {"dx": 400.0, "dy": 1500.0}, "center": {"x": -1450.0, "y": -1000.0}}]}
{"dataId": null, "houseId": null, "roomBound": null, "wallLines": [], "indoorBound": {}, "functionZones": [], "roomType": null, "drRoomType": null, "roomName": null, "walls": [{"index": 1, "thickness": 100, "height": 3000, "points": [{"x": -1800, "y": 2625}, {"x": -650, "y": 2725}, {"x": -650, "y": 2625}, {"x": -1800, "y": 2725}], "normal": {"x": 0, "y": -1, "z": 0}, "nextWallThickness": 100}, {"index": 2, "thickness": 100, "height": 3000, "points": [{"x": -650, "y": 2725}, {"x": -550, "y": 2125}, {"x": -650, "y": 2125}, {"x": -550, "y": 2725}], "normal": {"x": -1, "y": 0, "z": 0}, "nextWallThickness": 100}, {"index": 3, "thickness": 100, "height": 3000, "points": [{"x": -650, "y": 2025}, {"x": 1650, "y": 2125}, {"x": 1650, "y": 2025}, {"x": -650, "y": 2125}], "normal": {"x": 0, "y": -1, "z": 0}, "nextWallThickness": 200}, {"index": 4, "thickness": 200, "height": 3000, "points": [{"x": 1650, "y": 2175}, {"x": 1850, "y": -2575}, {"x": 1650, "y": -2575}, {"x": 1850, "y": 2175}], "normal": {"x": -1, "y": 0, "z": 0}, "nextWallThickness": 200}, {"index": 5, "thickness": 200, "height": 3000, "points": [{"x": -1650, "y": -2575}, {"x": -1650, "y": -2775}, {"x": 1850, "y": -2575}, {"x": 1850, "y": -2775}], "normal": {"x": 0, "y": 1, "z": 0}, "nextWallThickness": 200}, {"index": 6, "thickness": 200, "height": 3000, "points": [{"x": -1850, "y": -2775}, {"x": -1650, "y": 2625}, {"x": -1850, "y": 2625}, {"x": -1650, "y": -2775}], "normal": {"x": 1, "y": 0, "z": 0}, "nextWallThickness": 100}], "windows": [{"index": 5, "scid": null, "width": 2500, "height": 1000, "thickness": 300, "normal": {"x": 0, "y": 1, "z": 0}, "points": [{"x": -1250, "y": -2825}, {"x": -1250, "y": -2525}, {"x": 1250, "y": -2525}, {"x": 1250, "y": -2825}]}], "doors": [{"index": 1, "scid": null, "width": 900, "height": 2400, "thickness": 300, "entrance": "ture", "normal": {"x": 0, "y": -1, "z": 0}, "points": [{"x": -1600, "y": 2525}, {"x": -1600, "y": 2825}, {"x": -700, "y": 2825}, {"x": -700, "y": 2525}]}, {"index": 3, "scid": null, "width": 800, "height": 2400, "thickness": 300, "entrance": false, "normal": {"x": 0, "y": -1, "z": 0}, "points": [{"x": 150, "y": 1925}, {"x": 150, "y": 2225}, {"x": 950, "y": 2225}, {"x": 950, "y": 1925}]}], "roomLocations": [], "functionZones_new": [{"id": "1", "bound": {"dx": 2487.9310344827586, "dy": 3160.919540229885}, "center": {"x": 414.655172413793, "y": -688.7931034482758}}], "functionZones_layout": [{"id": 1, "rot": 180, "bound": {"dx": 2100.0, "dy": 1800.0}, "center": {"x": 600.0, "y": -1000.0}}, {"id": 3, "rot": 180, "bound": {"dx": 500.0, "dy": 500.0}, "center": {"x": 1400.0, "y": 150.0}}, {"id": 9, "rot": -10000, "points": [[1650.0, 2025.0], [1650, 625], [-450, 625], [-450, 1225], [1050, 1225], [1050, 2025]]}, {"id": 4, "rot": 0, "bound": {"dx": 400.0, "dy": 1500.0}, "center": {"x": -1450.0, "y": -1000.0}}]}
