{"dataId": null, "houseId": null, "roomBound": null, "wallLines": [], "indoorBound": {}, "functionZones": [], "roomType": null, "drRoomType": null, "roomName": null, "walls": [{"index": 1, "thickness": 100, "height": 3000, "points": [{"x": -1950, "y": 2275}, {"x": 1800, "y": 2375}, {"x": 1800, "y": 2275}, {"x": -1950, "y": 2375}], "normal": {"x": 0, "y": -1, "z": 0}, "nextWallThickness": 200}, {"index": 2, "thickness": 200, "height": 3000, "points": [{"x": 1800, "y": 2425}, {"x": 2000, "y": -2225}, {"x": 1800, "y": -2225}, {"x": 2000, "y": 2425}], "normal": {"x": -1, "y": 0, "z": 0}, "nextWallThickness": 200}, {"index": 3, "thickness": 200, "height": 3000, "points": [{"x": -1800, "y": -2225}, {"x": -1800, "y": -2425}, {"x": 2000, "y": -2225}, {"x": 2000, "y": -2425}], "normal": {"x": 0, "y": 1, "z": 0}, "nextWallThickness": 200}, {"index": 4, "thickness": 200, "height": 3000, "points": [{"x": -2000, "y": -2425}, {"x": -1800, "y": 2275}, {"x": -2000, "y": 2275}, {"x": -1800, "y": -2425}], "normal": {"x": 1, "y": 0, "z": 0}, "nextWallThickness": 100}], "windows": [{"index": 3, "scid": null, "width": 2400, "height": 1000, "thickness": 300, "normal": {"x": 0, "y": 1, "z": 0}, "points": [{"x": -1200, "y": -2475}, {"x": -1200, "y": -2175}, {"x": 1200, "y": -2175}, {"x": 1200, "y": -2475}]}], "doors": [{"index": 1, "scid": null, "width": 800, "height": 2400, "thickness": 300, "entrance": false, "normal": {"x": 0, "y": -1, "z": 0}, "points": [{"x": -1000, "y": 2175}, {"x": -1000, "y": 2475}, {"x": -200, "y": 2475}, {"x": -200, "y": 2175}]}, {"index": 2, "scid": null, "width": 900, "height": 2400, "thickness": 300, "entrance": "ture", "normal": {"x": -1, "y": 0, "z": 0}, "points": [{"x": 1750, "y": 1275}, {"x": 1750, "y": 2175}, {"x": 2050, "y": 2175}, {"x": 2050, "y": 1275}]}], "roomLocations": [], "functionZones_new": [{"id": "1", "bound": {"dx": 2222.222222222222, "dy": 3010.3448275862065}, "center": {"x": 611.1111111111113, "y": -696.8390804597702}}], "functionZones_layout": [{"id": 1, "rot": 0, "bound": {"dx": 2100.0, "dy": 1200.0}, "center": {"x": -750.0, "y": -225.0}}, {"id": 3, "rot": 0, "bound": {"dx": 500.0, "dy": 500.0}, "center": {"x": -1550.0, "y": -1075.0}}, {"id": 3, "rot": 0, "bound": {"dx": 500.0, "dy": 500.0}, "center": {"x": -1550.0, "y": 625.0}}, {"id": 9, "rot": -10000, "points": [[-1800.0, 2275.0], [-1800, 875], [300, 875], [300, 1475], [-1200, 1475], [-1200, 2275]]}]}
{"dataId": null, "houseId": null, "roomBound": null, "wallLines": [], "indoorBound": {}, "functionZones": [], "roomType": null, "drRoomType": null, "roomName": null, "walls": [{"index": 1, "thickness": 100, "height": 3000, "points": [{"x": -1950, "y": 2275}, {"x": 1800, "y": 2375}, {"x": 1800, "y": 2275}, {"x": -1950, "y": 2375}], "normal": {"x": 0, "y": -1, "z": 0}, "nextWallThickness": 200}, {"index": 2, "thickness": 200, "height": 3000, "points": [{"x": 1800, "y": 2425}, {"x": 2000, "y": -2225}, {"x": 1800, "y": -2225}, {"x": 2000, "y": 2425}], "normal": {"x": -1, "y": 0, "z": 0}, "nextWallThickness": 200}, {"index": 3, "thickness": 200, "height": 3000, "points": [{"x": -1800, "y": -2225}, {"x": -1800, "y": -2425}, {"x": 2000, "y": -2225}, {"x": 2000, "y": -2425}], "normal": {"x": 0, "y": 1, "z": 0}, "nextWallThickness": 200}, {"index": 4, "thickness": 200, "height": 3000, "points": [{"x": -2000, "y": -2425}, {"x": -1800, "y": 2275}, {"x": -2000, "y": 2275}, {"x": -1800, "y": -2425}], "normal": {"x": 1, "y": 0, "z": 0}, "nextWallThickness": 100}], "windows": [{"index": 3, "scid": null, "width": 2400, "height": 1000, "thickness": 300, "normal": {"x": 0, "y": 1, "z": 0}, "points": [{"x": -1200, "y": -2475}, {"x": -1200, "y": -2175}, {"x": 1200, "y": -2175}, {"x": 1200, "y": -2475}]}], "doors": [{"index": 1, "scid": null, "width": 800, "height": 2400, "thickness": 300, "entrance": false, "normal": {"x": 0, "y": -1, "z": 0}, "points": [{"x": -1000, "y": 2175}, {"x": -1000, "y": 2475}, {"x": -200, "y": 2475}, {"x": -200, "y": 2175}]}, {"index": 2, "scid": null, "width": 900, "height": 2400, "thickness": 300, "entrance": "ture", "normal": {"x": -1, "y": 0, "z": 0}, "points": [{"x": 1750, "y": 1275}, {"x": 1750, "y": 2175}, {"x": 2050, "y": 2175}, {"x": 2050, "y": 1275}]}], "roomLocations": [], "functionZones_new": [{"id": "1", "bound": {"dx": 2222.222222222222, "dy": 3010.3448275862065}, "center": {"x": 611.1111111111113, "y": -696.8390804597702}}], "functionZones_layout": [{"id": 1, "rot": 0, "bound": {"dx": 2100.0, "dy": 1200.0}, "center": {"x": -750.0, "y": -225.0}}, {"id": 3, "rot": 0, "bound": {"dx": 500.0, "dy": 500.0}, "center": {"x": -1550.0, "y": -1075.0}}, {"id": 3, "rot": 0, "bound": {"dx": 500.0, "dy": 500.0}, "center": {"x": -1550.0, "y": 625.0}}, {"id": 9, "rot": -10000, "points": [[-1800.0, 2275.0], [-1800, 875], [300, 875], [300, 1475], [-1200, 1475], [-1200, 2275]]}]}
{"dataId": null, "houseId": null, "roomBound": null, "wallLines": [], "indoorBound": {}, "functionZones": [], "roomType": null, "drRoomType": null, "roomName": null, "walls": [{"index": 1, "thickness": 100, "height": 3000, "points": [{"x": -1950, "y": 2275}, {"x": 1800, "y": 2375}, {"x": 1800, "y": 2275}, {"x": -1950, "y": 2375}], "normal": {"x": 0, "y": -1, "z": 0}, "nextWallThickness": 200}, {"index": 2, "thickness": 200, "height": 3000, "points": [{"x": 1800, "y": 2425}, {"x": 2000, "y": -2225}, {"x": 1800, "y": -2225}, {"x": 2000, "y": 2425}], "normal": {"x": -1, "y": 0, "z": 0}, "nextWallThickness": 200}, {"index": 3, "thickness": 200, "height": 3000, "points": [{"x": -1800, "y": -2225}, {"x": -1800, "y": -2425}, {"x": 2000, "y": -2225}, {"x": 2000, "y": -2425}], "normal": {"x": 0, "y": 1, "z": 0}, "nextWallThickness": 200}, {"index": 4, "thickness": 200, "height": 3000, "points": [{"x": -2000, "y": -2425}, {"x": -1800, "y": 2275}, {"x": -2000, "y": 2275}, {"x": -1800, "y": -2425}], "normal": {"x": 1, "y": 0, "z": 0}, "nextWallThickness": 100}], "windows": [{"index": 3, "scid": null, "width": 2400, "height": 1000, "thickness": 300, "normal": {"x": 0, "y": 1, "z": 0}, "points": [{"x": -1200, "y": -2475}, {"x": -1200, "y": -2175}, {"x": 1200, "y": -2175}, {"x": 1200, "y": -2475}]}], "doors": [{"index": 1, "scid": null, "width": 800, "height": 2400, "thickness": 300, "entrance": false, "normal": {"x": 0, "y": -1, "z": 0}, "points": [{"x": -1000, "y": 2175}, {"x": -1000, "y": 2475}, {"x": -200, "y": 2475}, {"x": -200, "y": 2175}]}, {"index": 2, "scid": null, "width": 900, "height": 2400, "thickness": 300, "entrance": "ture", "normal": {"x": -1, "y": 0, "z": 0}, "points": [{"x": 1750, "y": 1275}, {"x": 1750, "y": 2175}, {"x": 2050, "y": 2175}, {"x": 2050, "y": 1275}]}], "roomLocations": [], "functionZones_new": [{"id": "1", "bound": {"dx": 2222.222222222222, "dy": 3010.3448275862065}, "center": {"x": 611.1111111111113, "y": -696.8390804597702}}], "functionZones_layout": [{"id": 1, "rot": 0, "bound": {"dx": 2100.0, "dy": 1200.0}, "center": {"x": -750.0, "y": -225.0}}, {"id": 3, "rot": 0, "bound": {"dx": 500.0, "dy": 500.0}, "center": {"x": -1550.0, "y": -1075.0}}, {"id": 3, "rot": 0, "bound": {"dx": 500.0, "dy": 500.0}, "center": {"x": -1550.0, "y": 625.0}}, {"id": 9, "rot": -10000, "points": [[-1800.0, 2275.0], [-1800, 875], [300, 875], [300, 1475], [-1200, 1475], [-1200, 2275]]}]}
