{"dataId": null, "houseId": null, "roomBound": null, "wallLines": [], "indoorBound": {}, "functionZones": [], "roomType": null, "drRoomType": null, "roomName": null, "walls": [{"index": 1, "thickness": 100, "height": 3000, "points": [{"x": -1875, "y": 1875}, {"x": 1725, "y": 1975}, {"x": 1725, "y": 1875}, {"x": -1875, "y": 1975}], "normal": {"x": 0, "y": -1, "z": 0}, "nextWallThickness": 200}, {"index": 2, "thickness": 200, "height": 3000, "points": [{"x": 1725, "y": 2025}, {"x": 1925, "y": -1825}, {"x": 1725, "y": -1825}, {"x": 1925, "y": 2025}], "normal": {"x": -1, "y": 0, "z": 0}, "nextWallThickness": 200}, {"index": 3, "thickness": 200, "height": 3000, "points": [{"x": -1775, "y": -1825}, {"x": -1775, "y": -2025}, {"x": 1925, "y": -1825}, {"x": 1925, "y": -2025}], "normal": {"x": 0, "y": 1, "z": 0}, "nextWallThickness": 100}, {"index": 4, "thickness": 100, "height": 3000, "points": [{"x": -1875, "y": -1975}, {"x": -1775, "y": 1875}, {"x": -1875, "y": 1875}, {"x": -1775, "y": -1975}], "normal": {"x": 1, "y": 0, "z": 0}, "nextWallThickness": 100}], "windows": [{"index": 3, "scid": null, "width": 2100, "height": 1000, "thickness": 300, "normal": {"x": 0, "y": 1, "z": 0}, "points": [{"x": -1025, "y": -2075}, {"x": -1025, "y": -1775}, {"x": 1075, "y": -1775}, {"x": 1075, "y": -2075}]}], "doors": [{"index": 1, "scid": null, "width": 900, "height": 2400, "thickness": 300, "entrance": true, "normal": {"x": 0, "y": -1, "z": 0}, "points": [{"x": -1625, "y": 1775}, {"x": -1625, "y": 2075}, {"x": -725, "y": 2075}, {"x": -725, "y": 1775}]}], "roomLocations": [], "functionZones_new": [{"id": "1", "bound": {"dx": 2064.1975308641977, "dy": 2886.206896551724}, "center": {"x": 705.2469135802471, "y": 256.03448275862047}}], "functionZones_layout": [{"id": 1, "rot": 180, "bound": {"dx": 2100.0, "dy": 1200.0}, "center": {"x": 675.0, "y": -700.0}}, {"id": 3, "rot": 180, "bound": {"dx": 500.0, "dy": 500.0}, "center": {"x": 1475.0, "y": 150.0}}, {"id": 9, "rot": -10000, "points": [[1725.0, 1875.0], [1725, 475], [1125, 475], [1125, 1275], [-675, 1275], [-675, 1875]]}]}
{"dataId": null, "houseId": null, "roomBound": null, "wallLines": [], "indoorBound": {}, "functionZones": [], "roomType": null, "drRoomType": null, "roomName": null, "walls": [{"index": 1, "thickness": 100, "height": 3000, "points": [{"x": -1875, "y": 1875}, {"x": 1725, "y": 1975}, {"x": 1725, "y": 1875}, {"x": -1875, "y": 1975}], "normal": {"x": 0, "y": -1, "z": 0}, "nextWallThickness": 200}, {"index": 2, "thickness": 200, "height": 3000, "points": [{"x": 1725, "y": 2025}, {"x": 1925, "y": -1825}, {"x": 1725, "y": -1825}, {"x": 1925, "y": 2025}], "normal": {"x": -1, "y": 0, "z": 0}, "nextWallThickness": 200}, {"index": 3, "thickness": 200, "height": 3000, "points": [{"x": -1775, "y": -1825}, {"x": -1775, "y": -2025}, {"x": 1925, "y": -1825}, {"x": 1925, "y": -2025}], "normal": {"x": 0, "y": 1, "z": 0}, "nextWallThickness": 100}, {"index": 4, "thickness": 100, "height": 3000, "points": [{"x": -1875, "y": -1975}, {"x": -1775, "y": 1875}, {"x": -1875, "y": 1875}, {"x": -1775, "y": -1975}], "normal": {"x": 1, "y": 0, "z": 0}, "nextWallThickness": 100}], "windows": [{"index": 3, "scid": null, "width": 2100, "height": 1000, "thickness": 300, "normal": {"x": 0, "y": 1, "z": 0}, "points": [{"x": -1025, "y": -2075}, {"x": -1025, "y": -1775}, {"x": 1075, "y": -1775}, {"x": 1075, "y": -2075}]}], "doors": [{"index": 1, "scid": null, "width": 900, "height": 2400, "thickness": 300, "entrance": true, "normal": {"x": 0, "y": -1, "z": 0}, "points": [{"x": -1625, "y": 1775}, {"x": -1625, "y": 2075}, {"x": -725, "y": 2075}, {"x": -725, "y": 1775}]}], "roomLocations": [], "functionZones_new": [{"id": "1", "bound": {"dx": 2064.1975308641977, "dy": 2886.206896551724}, "center": {"x": 705.2469135802471, "y": 256.03448275862047}}], "functionZones_layout": [{"id": 1, "rot": 180, "bound": {"dx": 2100.0, "dy": 1200.0}, "center": {"x": 675.0, "y": -700.0}}, {"id": 3, "rot": 180, "bound": {"dx": 500.0, "dy": 500.0}, "center": {"x": 1475.0, "y": 150.0}}, {"id": 9, "rot": -10000, "points": [[1725.0, 1875.0], [1725, 475], [1125, 475], [1125, 1275], [-675, 1275], [-675, 1875]]}]}
{"dataId": null, "houseId": null, "roomBound": null, "wallLines": [], "indoorBound": {}, "functionZones": [], "roomType": null, "drRoomType": null, "roomName": null, "walls": [{"index": 1, "thickness": 100, "height": 3000, "points": [{"x": -1875, "y": 1875}, {"x": 1725, "y": 1975}, {"x": 1725, "y": 1875}, {"x": -1875, "y": 1975}], "normal": {"x": 0, "y": -1, "z": 0}, "nextWallThickness": 200}, {"index": 2, "thickness": 200, "height": 3000, "points": [{"x": 1725, "y": 2025}, {"x": 1925, "y": -1825}, {"x": 1725, "y": -1825}, {"x": 1925, "y": 2025}], "normal": {"x": -1, "y": 0, "z": 0}, "nextWallThickness": 200}, {"index": 3, "thickness": 200, "height": 3000, "points": [{"x": -1775, "y": -1825}, {"x": -1775, "y": -2025}, {"x": 1925, "y": -1825}, {"x": 1925, "y": -2025}], "normal": {"x": 0, "y": 1, "z": 0}, "nextWallThickness": 100}, {"index": 4, "thickness": 100, "height": 3000, "points": [{"x": -1875, "y": -1975}, {"x": -1775, "y": 1875}, {"x": -1875, "y": 1875}, {"x": -1775, "y": -1975}], "normal": {"x": 1, "y": 0, "z": 0}, "nextWallThickness": 100}], "windows": [{"index": 3, "scid": null, "width": 2100, "height": 1000, "thickness": 300, "normal": {"x": 0, "y": 1, "z": 0}, "points": [{"x": -1025, "y": -2075}, {"x": -1025, "y": -1775}, {"x": 1075, "y": -1775}, {"x": 1075, "y": -2075}]}], "doors": [{"index": 1, "scid": null, "width": 900, "height": 2400, "thickness": 300, "entrance": true, "normal": {"x": 0, "y": -1, "z": 0}, "points": [{"x": -1625, "y": 1775}, {"x": -1625, "y": 2075}, {"x": -725, "y": 2075}, {"x": -725, "y": 1775}]}], "roomLocations": [], "functionZones_new": [{"id": "1", "bound": {"dx": 2064.1975308641977, "dy": 2886.206896551724}, "center": {"x": 705.2469135802471, "y": 256.03448275862047}}], "functionZones_layout": [{"id": 1, "rot": 180, "bound": {"dx": 2100.0, "dy": 1200.0}, "center": {"x": 675.0, "y": -700.0}}, {"id": 3, "rot": 180, "bound": {"dx": 500.0, "dy": 500.0}, "center": {"x": 1475.0, "y": 150.0}}, {"id": 9, "rot": -10000, "points": [[1725.0, 1875.0], [1725, 475], [1125, 475], [1125, 1275], [-675, 1275], [-675, 1875]]}]}
