{"dataId": null, "houseId": null, "roomBound": null, "wallLines": [], "indoorBound": {}, "functionZones": [], "roomType": null, "drRoomType": null, "roomName": null, "walls": [{"index": 1, "thickness": 100, "height": 3000, "points": [{"x": -1750, "y": 2850}, {"x": 500, "y": 2950}, {"x": 500, "y": 2850}, {"x": -1750, "y": 2950}], "normal": {"x": 0, "y": -1, "z": 0}, "nextWallThickness": 100}, {"index": 2, "thickness": 100, "height": 3000, "points": [{"x": 500, "y": 2950}, {"x": 600, "y": 1200}, {"x": 500, "y": 1200}, {"x": 600, "y": 2950}], "normal": {"x": -1, "y": 0, "z": 0}, "nextWallThickness": 100}, {"index": 3, "thickness": 100, "height": 3000, "points": [{"x": 500, "y": 1100}, {"x": 1600, "y": 1200}, {"x": 1600, "y": 1100}, {"x": 500, "y": 1200}], "normal": {"x": 0, "y": -1, "z": 0}, "nextWallThickness": 200}, {"index": 4, "thickness": 200, "height": 3000, "points": [{"x": 1600, "y": 1250}, {"x": 1800, "y": -2200}, {"x": 1600, "y": -2200}, {"x": 1800, "y": 1250}], "normal": {"x": -1, "y": 0, "z": 0}, "nextWallThickness": 200}, {"index": 5, "thickness": 200, "height": 3000, "points": [{"x": 900, "y": -2200}, {"x": 900, "y": -2400}, {"x": 1800, "y": -2200}, {"x": 1800, "y": -2400}], "normal": {"x": 0, "y": 1, "z": 0}, "nextWallThickness": 200}, {"index": 6, "thickness": 200, "height": 3000, "points": [{"x": 700, "y": -2200}, {"x": 900, "y": -2800}, {"x": 700, "y": -2800}, {"x": 900, "y": -2200}], "normal": {"x": -1, "y": 0, "z": 0}, "nextWallThickness": 200}, {"index": 7, "thickness": 200, "height": 3000, "points": [{"x": -1600, "y": -2800}, {"x": -1600, "y": -3000}, {"x": 900, "y": -2800}, {"x": 900, "y": -3000}], "normal": {"x": 0, "y": 1, "z": 0}, "nextWallThickness": 200}, {"index": 8, "thickness": 200, "height": 3000, "points": [{"x": -1800, "y": -3000}, {"x": -1600, "y": 1050}, {"x": -1800, "y": 1050}, {"x": -1600, "y": -3000}], "normal": {"x": 1, "y": 0, "z": 0}, "nextWallThickness": 200}, {"index": 9, "thickness": 200, "height": 3000, "points": [{"x": -1800, "y": 1050}, {"x": -1600, "y": 2800}, {"x": -1800, "y": 2800}, {"x": -1600, "y": 1050}], "normal": {"x": 1, "y": 0, "z": 0}, "nextWallThickness": 200}, {"index": 10, "thickness": 200, "height": 3000, "points": [{"x": -1800, "y": 1050}, {"x": -1100, "y": 1250}, {"x": -1100, "y": 1050}, {"x": -1800, "y": 1250}], "normal": {"x": 0, "y": -1, "z": 0}, "nextWallThickness": 200}, {"index": 11, "thickness": 200, "height": 3000, "points": [{"x": 50, "y": 1250}, {"x": 50, "y": 1050}, {"x": 650, "y": 1250}, {"x": 650, "y": 1050}], "normal": {"x": 0, "y": 1, "z": 0}, "nextWallThickness": 100}], "windows": [{"index": 7, "scid": null, "width": 1700, "height": 1000, "thickness": 300, "normal": {"x": 0, "y": 1, "z": 0}, "points": [{"x": -1100, "y": -3050}, {"x": -1100, "y": -2750}, {"x": 600, "y": -2750}, {"x": 600, "y": -3050}]}], "doors": [{"index": 1, "scid": null, "width": 800, "height": 2400, "thickness": 300, "entrance": false, "normal": {"x": 0, "y": -1, "z": 0}, "points": [{"x": -950, "y": 2750}, {"x": -950, "y": 3050}, {"x": -150, "y": 3050}, {"x": -150, "y": 2750}]}, {"index": 3, "scid": null, "width": 900, "height": 2400, "thickness": 300, "entrance": "ture", "normal": {"x": 0, "y": -1, "z": 0}, "points": [{"x": 650, "y": 1000}, {"x": 650, "y": 1300}, {"x": 1550, "y": 1300}, {"x": 1550, "y": 1000}]}], "roomLocations": [], "functionZones_new": [{"id": "1", "bound": {"dx": 2146.153846153846, "dy": 2462.0689655172414}, "center": {"x": 519.230769230769, "y": -743.1034482758623}}], "functionZones_layout": [{"id": 1, "rot": 0, "bound": {"dx": 2100.0, "dy": 1500.0}, "center": {"x": -550.0, "y": -1625.0}}, {"id": 3, "rot": 0, "bound": {"dx": 500.0, "dy": 500.0}, "center": {"x": -1350.0, "y": -625.0}}, {"id": 9, "rot": -10000, "points": [[-1600.0, 1050.0], [-1600, -350], [500, -350], [500, 250], [-1000, 250], [-1000, 1050]]}]}
