{"dataId": null, "houseId": null, "roomBound": null, "wallLines": [], "indoorBound": {}, "functionZones": [], "roomType": null, "drRoomType": null, "roomName": null, "walls": [{"index": 1, "thickness": 200, "height": 3000, "points": [{"x": -1500, "y": 1325}, {"x": -200, "y": 1525}, {"x": -200, "y": 1325}, {"x": -1500, "y": 1525}], "normal": {"x": 0, "y": -1, "z": 0}, "nextWallThickness": 100}, {"index": 2, "thickness": 100, "height": 3000, "points": [{"x": -200, "y": 1375}, {"x": -100, "y": 1975}, {"x": -200, "y": 1975}, {"x": -100, "y": 1375}], "normal": {"x": 1, "y": 0, "z": 0}, "nextWallThickness": 200}, {"index": 3, "thickness": 200, "height": 3000, "points": [{"x": -250, "y": 1975}, {"x": 1300, "y": 2175}, {"x": 1300, "y": 1975}, {"x": -250, "y": 2175}], "normal": {"x": 0, "y": -1, "z": 0}, "nextWallThickness": 200}, {"index": 4, "thickness": 200, "height": 3000, "points": [{"x": 1300, "y": 2175}, {"x": 1500, "y": -1975}, {"x": 1300, "y": -1975}, {"x": 1500, "y": 2175}], "normal": {"x": -1, "y": 0, "z": 0}, "nextWallThickness": 200}, {"index": 5, "thickness": 200, "height": 3000, "points": [{"x": -1300, "y": -1975}, {"x": -1300, "y": -2175}, {"x": 1500, "y": -1975}, {"x": 1500, "y": -2175}], "normal": {"x": 0, "y": 1, "z": 0}, "nextWallThickness": 200}, {"index": 6, "thickness": 200, "height": 3000, "points": [{"x": -1500, "y": -2175}, {"x": -1300, "y": 1325}, {"x": -1500, "y": 1325}, {"x": -1300, "y": -2175}], "normal": {"x": 1, "y": 0, "z": 0}, "nextWallThickness": 200}], "windows": [{"index": 5, "scid": null, "width": 1800, "height": 1000, "thickness": 300, "normal": {"x": 0, "y": 1, "z": 0}, "points": [{"x": -1200, "y": -2225}, {"x": -1200, "y": -1925}, {"x": 600, "y": -1925}, {"x": 600, "y": -2225}]}], "doors": [{"index": 1, "scid": null, "width": 900, "height": 2400, "thickness": 300, "entrance": true, "normal": {"x": 0, "y": -1, "z": 0}, "points": [{"x": -1200, "y": 1275}, {"x": -1200, "y": 1575}, {"x": -300, "y": 1575}, {"x": -300, "y": 1275}]}], "roomLocations": [], "functionZones_new": [{"id": "1", "bound": {"dx": 1800.0, "dy": 1730.1136363636363}, "center": {"x": 400.0, "y": 74.14772727272702}}], "functionZones_layout": [{"id": 1, "rot": 180, "bound": {"dx": 2100.0, "dy": 1800.0}, "center": {"x": 250.0, "y": -825.0}}, {"id": 3, "rot": 180, "bound": {"dx": 500.0, "dy": 500.0}, "center": {"x": 1050.0, "y": 325.0}}, {"id": 9, "rot": -10000, "points": [[1300.0, 1975.0], [1300, 575], [700, 575], [700, 1375], [-100, 1375], [-100, 1975]]}]}
{"dataId": null, "houseId": null, "roomBound": null, "wallLines": [], "indoorBound": {}, "functionZones": [], "roomType": null, "drRoomType": null, "roomName": null, "walls": [{"index": 1, "thickness": 200, "height": 3000, "points": [{"x": -1500, "y": 1325}, {"x": -200, "y": 1525}, {"x": -200, "y": 1325}, {"x": -1500, "y": 1525}], "normal": {"x": 0, "y": -1, "z": 0}, "nextWallThickness": 100}, {"index": 2, "thickness": 100, "height": 3000, "points": [{"x": -200, "y": 1375}, {"x": -100, "y": 1975}, {"x": -200, "y": 1975}, {"x": -100, "y": 1375}], "normal": {"x": 1, "y": 0, "z": 0}, "nextWallThickness": 200}, {"index": 3, "thickness": 200, "height": 3000, "points": [{"x": -250, "y": 1975}, {"x": 1300, "y": 2175}, {"x": 1300, "y": 1975}, {"x": -250, "y": 2175}], "normal": {"x": 0, "y": -1, "z": 0}, "nextWallThickness": 200}, {"index": 4, "thickness": 200, "height": 3000, "points": [{"x": 1300, "y": 2175}, {"x": 1500, "y": -1975}, {"x": 1300, "y": -1975}, {"x": 1500, "y": 2175}], "normal": {"x": -1, "y": 0, "z": 0}, "nextWallThickness": 200}, {"index": 5, "thickness": 200, "height": 3000, "points": [{"x": -1300, "y": -1975}, {"x": -1300, "y": -2175}, {"x": 1500, "y": -1975}, {"x": 1500, "y": -2175}], "normal": {"x": 0, "y": 1, "z": 0}, "nextWallThickness": 200}, {"index": 6, "thickness": 200, "height": 3000, "points": [{"x": -1500, "y": -2175}, {"x": -1300, "y": 1325}, {"x": -1500, "y": 1325}, {"x": -1300, "y": -2175}], "normal": {"x": 1, "y": 0, "z": 0}, "nextWallThickness": 200}], "windows": [{"index": 5, "scid": null, "width": 1800, "height": 1000, "thickness": 300, "normal": {"x": 0, "y": 1, "z": 0}, "points": [{"x": -1200, "y": -2225}, {"x": -1200, "y": -1925}, {"x": 600, "y": -1925}, {"x": 600, "y": -2225}]}], "doors": [{"index": 1, "scid": null, "width": 900, "height": 2400, "thickness": 300, "entrance": true, "normal": {"x": 0, "y": -1, "z": 0}, "points": [{"x": -1200, "y": 1275}, {"x": -1200, "y": 1575}, {"x": -300, "y": 1575}, {"x": -300, "y": 1275}]}], "roomLocations": [], "functionZones_new": [{"id": "1", "bound": {"dx": 1800.0, "dy": 1730.1136363636363}, "center": {"x": 400.0, "y": 74.14772727272702}}], "functionZones_layout": [{"id": 1, "rot": 180, "bound": {"dx": 2100.0, "dy": 1800.0}, "center": {"x": 250.0, "y": -825.0}}, {"id": 3, "rot": 180, "bound": {"dx": 500.0, "dy": 500.0}, "center": {"x": 1050.0, "y": 325.0}}, {"id": 9, "rot": -10000, "points": [[1300.0, 1975.0], [1300, 575], [700, 575], [700, 1375], [-100, 1375], [-100, 1975]]}]}
{"dataId": null, "houseId": null, "roomBound": null, "wallLines": [], "indoorBound": {}, "functionZones": [], "roomType": null, "drRoomType": null, "roomName": null, "walls": [{"index": 1, "thickness": 200, "height": 3000, "points": [{"x": -1500, "y": 1325}, {"x": -200, "y": 1525}, {"x": -200, "y": 1325}, {"x": -1500, "y": 1525}], "normal": {"x": 0, "y": -1, "z": 0}, "nextWallThickness": 100}, {"index": 2, "thickness": 100, "height": 3000, "points": [{"x": -200, "y": 1375}, {"x": -100, "y": 1975}, {"x": -200, "y": 1975}, {"x": -100, "y": 1375}], "normal": {"x": 1, "y": 0, "z": 0}, "nextWallThickness": 200}, {"index": 3, "thickness": 200, "height": 3000, "points": [{"x": -250, "y": 1975}, {"x": 1300, "y": 2175}, {"x": 1300, "y": 1975}, {"x": -250, "y": 2175}], "normal": {"x": 0, "y": -1, "z": 0}, "nextWallThickness": 200}, {"index": 4, "thickness": 200, "height": 3000, "points": [{"x": 1300, "y": 2175}, {"x": 1500, "y": -1975}, {"x": 1300, "y": -1975}, {"x": 1500, "y": 2175}], "normal": {"x": -1, "y": 0, "z": 0}, "nextWallThickness": 200}, {"index": 5, "thickness": 200, "height": 3000, "points": [{"x": -1300, "y": -1975}, {"x": -1300, "y": -2175}, {"x": 1500, "y": -1975}, {"x": 1500, "y": -2175}], "normal": {"x": 0, "y": 1, "z": 0}, "nextWallThickness": 200}, {"index": 6, "thickness": 200, "height": 3000, "points": [{"x": -1500, "y": -2175}, {"x": -1300, "y": 1325}, {"x": -1500, "y": 1325}, {"x": -1300, "y": -2175}], "normal": {"x": 1, "y": 0, "z": 0}, "nextWallThickness": 200}], "windows": [{"index": 5, "scid": null, "width": 1800, "height": 1000, "thickness": 300, "normal": {"x": 0, "y": 1, "z": 0}, "points": [{"x": -1200, "y": -2225}, {"x": -1200, "y": -1925}, {"x": 600, "y": -1925}, {"x": 600, "y": -2225}]}], "doors": [{"index": 1, "scid": null, "width": 900, "height": 2400, "thickness": 300, "entrance": true, "normal": {"x": 0, "y": -1, "z": 0}, "points": [{"x": -1200, "y": 1275}, {"x": -1200, "y": 1575}, {"x": -300, "y": 1575}, {"x": -300, "y": 1275}]}], "roomLocations": [], "functionZones_new": [{"id": "1", "bound": {"dx": 1800.0, "dy": 1730.1136363636363}, "center": {"x": 400.0, "y": 74.14772727272702}}], "functionZones_layout": [{"id": 1, "rot": 180, "bound": {"dx": 2100.0, "dy": 1800.0}, "center": {"x": 250.0, "y": -825.0}}, {"id": 3, "rot": 180, "bound": {"dx": 500.0, "dy": 500.0}, "center": {"x": 1050.0, "y": 325.0}}, {"id": 9, "rot": -10000, "points": [[1300.0, 1975.0], [1300, 575], [700, 575], [700, 1375], [-100, 1375], [-100, 1975]]}]}
