{"dataId": null, "houseId": null, "roomBound": null, "wallLines": [], "indoorBound": {}, "functionZones": [], "roomType": null, "drRoomType": null, "roomName": null, "walls": [{"index": 1, "thickness": 100, "height": 3000, "points": [{"x": -1400, "y": 1725}, {"x": 50, "y": 1825}, {"x": 50, "y": 1725}, {"x": -1400, "y": 1825}], "normal": {"x": 0, "y": -1, "z": 0}, "nextWallThickness": 100}, {"index": 2, "thickness": 100, "height": 3000, "points": [{"x": 50, "y": 1725}, {"x": 150, "y": 2125}, {"x": 50, "y": 2125}, {"x": 150, "y": 1725}], "normal": {"x": 1, "y": 0, "z": 0}, "nextWallThickness": 100}, {"index": 3, "thickness": 100, "height": 3000, "points": [{"x": 50, "y": 2125}, {"x": 1250, "y": 2225}, {"x": 1250, "y": 2125}, {"x": 50, "y": 2225}], "normal": {"x": 0, "y": -1, "z": 0}, "nextWallThickness": 200}, {"index": 4, "thickness": 200, "height": 3000, "points": [{"x": 1250, "y": 2275}, {"x": 1450, "y": -2075}, {"x": 1250, "y": -2075}, {"x": 1450, "y": 2275}], "normal": {"x": -1, "y": 0, "z": 0}, "nextWallThickness": 200}, {"index": 5, "thickness": 200, "height": 3000, "points": [{"x": -1250, "y": -2075}, {"x": -1250, "y": -2275}, {"x": 1450, "y": -2075}, {"x": 1450, "y": -2275}], "normal": {"x": 0, "y": 1, "z": 0}, "nextWallThickness": 200}, {"index": 6, "thickness": 200, "height": 3000, "points": [{"x": -1450, "y": -2275}, {"x": -1250, "y": 1725}, {"x": -1450, "y": 1725}, {"x": -1250, "y": -2275}], "normal": {"x": 1, "y": 0, "z": 0}, "nextWallThickness": 100}], "windows": [{"index": 5, "scid": null, "width": 2175, "height": 1000, "thickness": 300, "normal": {"x": 0, "y": 1, "z": 0}, "points": [{"x": -1037.5, "y": -2325}, {"x": -1037.5, "y": -2025}, {"x": 1137.5, "y": -2025}, {"x": 1137.5, "y": -2325}]}], "doors": [{"index": 3, "scid": null, "width": 900, "height": 2400, "thickness": 300, "entrance": true, "normal": {"x": 0, "y": -1, "z": 0}, "points": [{"x": 250, "y": 2025}, {"x": 250, "y": 2325}, {"x": 1150, "y": 2325}, {"x": 1150, "y": 2025}]}], "roomLocations": [], "functionZones_new": [{"id": "1", "bound": {"dx": 1916.0714285714284, "dy": 2667.241379310345}, "center": {"x": 233.03571428571422, "y": -156.89655172413768}}], "functionZones_layout": [{"id": 1, "rot": 0, "bound": {"dx": 2100.0, "dy": 1200.0}, "center": {"x": -200.0, "y": -925.0}}, {"id": 3, "rot": 0, "bound": {"dx": 500.0, "dy": 500.0}, "center": {"x": -1000.0, "y": -75.0}}, {"id": 9, "rot": -10000, "points": [[-1250.0, 1725.0], [-1250, 325], [-650, 325], [-650, 1125], [50, 1125], [50, 1725]]}]}
{"dataId": null, "houseId": null, "roomBound": null, "wallLines": [], "indoorBound": {}, "functionZones": [], "roomType": null, "drRoomType": null, "roomName": null, "walls": [{"index": 1, "thickness": 100, "height": 3000, "points": [{"x": -1400, "y": 1725}, {"x": 50, "y": 1825}, {"x": 50, "y": 1725}, {"x": -1400, "y": 1825}], "normal": {"x": 0, "y": -1, "z": 0}, "nextWallThickness": 100}, {"index": 2, "thickness": 100, "height": 3000, "points": [{"x": 50, "y": 1725}, {"x": 150, "y": 2125}, {"x": 50, "y": 2125}, {"x": 150, "y": 1725}], "normal": {"x": 1, "y": 0, "z": 0}, "nextWallThickness": 100}, {"index": 3, "thickness": 100, "height": 3000, "points": [{"x": 50, "y": 2125}, {"x": 1250, "y": 2225}, {"x": 1250, "y": 2125}, {"x": 50, "y": 2225}], "normal": {"x": 0, "y": -1, "z": 0}, "nextWallThickness": 200}, {"index": 4, "thickness": 200, "height": 3000, "points": [{"x": 1250, "y": 2275}, {"x": 1450, "y": -2075}, {"x": 1250, "y": -2075}, {"x": 1450, "y": 2275}], "normal": {"x": -1, "y": 0, "z": 0}, "nextWallThickness": 200}, {"index": 5, "thickness": 200, "height": 3000, "points": [{"x": -1250, "y": -2075}, {"x": -1250, "y": -2275}, {"x": 1450, "y": -2075}, {"x": 1450, "y": -2275}], "normal": {"x": 0, "y": 1, "z": 0}, "nextWallThickness": 200}, {"index": 6, "thickness": 200, "height": 3000, "points": [{"x": -1450, "y": -2275}, {"x": -1250, "y": 1725}, {"x": -1450, "y": 1725}, {"x": -1250, "y": -2275}], "normal": {"x": 1, "y": 0, "z": 0}, "nextWallThickness": 100}], "windows": [{"index": 5, "scid": null, "width": 2175, "height": 1000, "thickness": 300, "normal": {"x": 0, "y": 1, "z": 0}, "points": [{"x": -1037.5, "y": -2325}, {"x": -1037.5, "y": -2025}, {"x": 1137.5, "y": -2025}, {"x": 1137.5, "y": -2325}]}], "doors": [{"index": 3, "scid": null, "width": 900, "height": 2400, "thickness": 300, "entrance": true, "normal": {"x": 0, "y": -1, "z": 0}, "points": [{"x": 250, "y": 2025}, {"x": 250, "y": 2325}, {"x": 1150, "y": 2325}, {"x": 1150, "y": 2025}]}], "roomLocations": [], "functionZones_new": [{"id": "1", "bound": {"dx": 1916.0714285714284, "dy": 2667.241379310345}, "center": {"x": 233.03571428571422, "y": -156.89655172413768}}], "functionZones_layout": [{"id": 1, "rot": 0, "bound": {"dx": 2100.0, "dy": 1200.0}, "center": {"x": -200.0, "y": -925.0}}, {"id": 3, "rot": 0, "bound": {"dx": 500.0, "dy": 500.0}, "center": {"x": -1000.0, "y": -75.0}}, {"id": 9, "rot": -10000, "points": [[-1250.0, 1725.0], [-1250, 325], [-650, 325], [-650, 1125], [50, 1125], [50, 1725]]}]}
{"dataId": null, "houseId": null, "roomBound": null, "wallLines": [], "indoorBound": {}, "functionZones": [], "roomType": null, "drRoomType": null, "roomName": null, "walls": [{"index": 1, "thickness": 100, "height": 3000, "points": [{"x": -1400, "y": 1725}, {"x": 50, "y": 1825}, {"x": 50, "y": 1725}, {"x": -1400, "y": 1825}], "normal": {"x": 0, "y": -1, "z": 0}, "nextWallThickness": 100}, {"index": 2, "thickness": 100, "height": 3000, "points": [{"x": 50, "y": 1725}, {"x": 150, "y": 2125}, {"x": 50, "y": 2125}, {"x": 150, "y": 1725}], "normal": {"x": 1, "y": 0, "z": 0}, "nextWallThickness": 100}, {"index": 3, "thickness": 100, "height": 3000, "points": [{"x": 50, "y": 2125}, {"x": 1250, "y": 2225}, {"x": 1250, "y": 2125}, {"x": 50, "y": 2225}], "normal": {"x": 0, "y": -1, "z": 0}, "nextWallThickness": 200}, {"index": 4, "thickness": 200, "height": 3000, "points": [{"x": 1250, "y": 2275}, {"x": 1450, "y": -2075}, {"x": 1250, "y": -2075}, {"x": 1450, "y": 2275}], "normal": {"x": -1, "y": 0, "z": 0}, "nextWallThickness": 200}, {"index": 5, "thickness": 200, "height": 3000, "points": [{"x": -1250, "y": -2075}, {"x": -1250, "y": -2275}, {"x": 1450, "y": -2075}, {"x": 1450, "y": -2275}], "normal": {"x": 0, "y": 1, "z": 0}, "nextWallThickness": 200}, {"index": 6, "thickness": 200, "height": 3000, "points": [{"x": -1450, "y": -2275}, {"x": -1250, "y": 1725}, {"x": -1450, "y": 1725}, {"x": -1250, "y": -2275}], "normal": {"x": 1, "y": 0, "z": 0}, "nextWallThickness": 100}], "windows": [{"index": 5, "scid": null, "width": 2175, "height": 1000, "thickness": 300, "normal": {"x": 0, "y": 1, "z": 0}, "points": [{"x": -1037.5, "y": -2325}, {"x": -1037.5, "y": -2025}, {"x": 1137.5, "y": -2025}, {"x": 1137.5, "y": -2325}]}], "doors": [{"index": 3, "scid": null, "width": 900, "height": 2400, "thickness": 300, "entrance": true, "normal": {"x": 0, "y": -1, "z": 0}, "points": [{"x": 250, "y": 2025}, {"x": 250, "y": 2325}, {"x": 1150, "y": 2325}, {"x": 1150, "y": 2025}]}], "roomLocations": [], "functionZones_new": [{"id": "1", "bound": {"dx": 1916.0714285714284, "dy": 2667.241379310345}, "center": {"x": 233.03571428571422, "y": -156.89655172413768}}], "functionZones_layout": [{"id": 1, "rot": 0, "bound": {"dx": 2100.0, "dy": 1200.0}, "center": {"x": -200.0, "y": -925.0}}, {"id": 3, "rot": 0, "bound": {"dx": 500.0, "dy": 500.0}, "center": {"x": -1000.0, "y": -75.0}}, {"id": 9, "rot": -10000, "points": [[-1250.0, 1725.0], [-1250, 325], [-650, 325], [-650, 1125], [50, 1125], [50, 1725]]}]}
