{"dataId": null, "houseId": null, "roomBound": null, "wallLines": [], "indoorBound": {}, "functionZones": [], "roomType": null, "drRoomType": null, "roomName": null, "walls": [{"index": 1, "thickness": 200, "height": 3000, "points": [{"x": -2075, "y": 1450}, {"x": 1875, "y": 1650}, {"x": 1875, "y": 1450}, {"x": -2075, "y": 1650}], "normal": {"x": 0, "y": -1, "z": 0}, "nextWallThickness": 200}, {"index": 2, "thickness": 200, "height": 3000, "points": [{"x": 1875, "y": 1650}, {"x": 2075, "y": -1500}, {"x": 1875, "y": -1500}, {"x": 2075, "y": 1650}], "normal": {"x": -1, "y": 0, "z": 0}, "nextWallThickness": 100}, {"index": 3, "thickness": 100, "height": 3000, "points": [{"x": -1875, "y": -1500}, {"x": -1875, "y": -1600}, {"x": 2025, "y": -1500}, {"x": 2025, "y": -1600}], "normal": {"x": 0, "y": 1, "z": 0}, "nextWallThickness": 200}, {"index": 4, "thickness": 200, "height": 3000, "points": [{"x": -2075, "y": -1650}, {"x": -1875, "y": 1450}, {"x": -2075, "y": 1450}, {"x": -1875, "y": -1650}], "normal": {"x": 1, "y": 0, "z": 0}, "nextWallThickness": 200}], "windows": [{"index": 4, "scid": null, "width": 2100, "height": 1000, "thickness": 300, "normal": {"x": 1, "y": 0, "z": 0}, "points": [{"x": -2125, "y": -1050}, {"x": -2125, "y": 1050}, {"x": -1825, "y": 1050}, {"x": -1825, "y": -1050}]}], "doors": [{"index": 2, "scid": null, "width": 900, "height": 2400, "thickness": 300, "entrance": true, "normal": {"x": -1, "y": 0, "z": 0}, "points": [{"x": 1825, "y": -1400}, {"x": 1825, "y": -500}, {"x": 2125, "y": -500}, {"x": 2125, "y": -1400}]}], "roomLocations": [], "functionZones_new": [{"id": "1", "bound": {"dx": 2876.7045454545455, "dy": 2781.4285714285716}, "center": {"x": 353.69318181818153, "y": 212.14285714285734}}], "functionZones_layout": [{"id": 1, "rot": 270, "bound": {"dx": 1200.0, "dy": 2100.0}, "center": {"x": -625.0, "y": 400.0}}, {"id": 3, "rot": 270, "bound": {"dx": 500.0, "dy": 500.0}, "center": {"x": 225.0, "y": 1200.0}}, {"id": 9, "rot": -10000, "points": [[1875.0, 1450.0], [475, 1450], [475, 850], [1275, 850], [1275, -450], [1875, -450]]}]}
{"dataId": null, "houseId": null, "roomBound": null, "wallLines": [], "indoorBound": {}, "functionZones": [], "roomType": null, "drRoomType": null, "roomName": null, "walls": [{"index": 1, "thickness": 200, "height": 3000, "points": [{"x": -2075, "y": 1450}, {"x": 1875, "y": 1650}, {"x": 1875, "y": 1450}, {"x": -2075, "y": 1650}], "normal": {"x": 0, "y": -1, "z": 0}, "nextWallThickness": 200}, {"index": 2, "thickness": 200, "height": 3000, "points": [{"x": 1875, "y": 1650}, {"x": 2075, "y": -1500}, {"x": 1875, "y": -1500}, {"x": 2075, "y": 1650}], "normal": {"x": -1, "y": 0, "z": 0}, "nextWallThickness": 100}, {"index": 3, "thickness": 100, "height": 3000, "points": [{"x": -1875, "y": -1500}, {"x": -1875, "y": -1600}, {"x": 2025, "y": -1500}, {"x": 2025, "y": -1600}], "normal": {"x": 0, "y": 1, "z": 0}, "nextWallThickness": 200}, {"index": 4, "thickness": 200, "height": 3000, "points": [{"x": -2075, "y": -1650}, {"x": -1875, "y": 1450}, {"x": -2075, "y": 1450}, {"x": -1875, "y": -1650}], "normal": {"x": 1, "y": 0, "z": 0}, "nextWallThickness": 200}], "windows": [{"index": 4, "scid": null, "width": 2100, "height": 1000, "thickness": 300, "normal": {"x": 1, "y": 0, "z": 0}, "points": [{"x": -2125, "y": -1050}, {"x": -2125, "y": 1050}, {"x": -1825, "y": 1050}, {"x": -1825, "y": -1050}]}], "doors": [{"index": 2, "scid": null, "width": 900, "height": 2400, "thickness": 300, "entrance": true, "normal": {"x": -1, "y": 0, "z": 0}, "points": [{"x": 1825, "y": -1400}, {"x": 1825, "y": -500}, {"x": 2125, "y": -500}, {"x": 2125, "y": -1400}]}], "roomLocations": [], "functionZones_new": [{"id": "1", "bound": {"dx": 2876.7045454545455, "dy": 2781.4285714285716}, "center": {"x": 353.69318181818153, "y": 212.14285714285734}}], "functionZones_layout": [{"id": 1, "rot": 270, "bound": {"dx": 1200.0, "dy": 2100.0}, "center": {"x": -625.0, "y": 400.0}}, {"id": 3, "rot": 270, "bound": {"dx": 500.0, "dy": 500.0}, "center": {"x": 225.0, "y": 1200.0}}, {"id": 9, "rot": -10000, "points": [[1875.0, 1450.0], [475, 1450], [475, 850], [1275, 850], [1275, -450], [1875, -450]]}]}
{"dataId": null, "houseId": null, "roomBound": null, "wallLines": [], "indoorBound": {}, "functionZones": [], "roomType": null, "drRoomType": null, "roomName": null, "walls": [{"index": 1, "thickness": 200, "height": 3000, "points": [{"x": -2075, "y": 1450}, {"x": 1875, "y": 1650}, {"x": 1875, "y": 1450}, {"x": -2075, "y": 1650}], "normal": {"x": 0, "y": -1, "z": 0}, "nextWallThickness": 200}, {"index": 2, "thickness": 200, "height": 3000, "points": [{"x": 1875, "y": 1650}, {"x": 2075, "y": -1500}, {"x": 1875, "y": -1500}, {"x": 2075, "y": 1650}], "normal": {"x": -1, "y": 0, "z": 0}, "nextWallThickness": 100}, {"index": 3, "thickness": 100, "height": 3000, "points": [{"x": -1875, "y": -1500}, {"x": -1875, "y": -1600}, {"x": 2025, "y": -1500}, {"x": 2025, "y": -1600}], "normal": {"x": 0, "y": 1, "z": 0}, "nextWallThickness": 200}, {"index": 4, "thickness": 200, "height": 3000, "points": [{"x": -2075, "y": -1650}, {"x": -1875, "y": 1450}, {"x": -2075, "y": 1450}, {"x": -1875, "y": -1650}], "normal": {"x": 1, "y": 0, "z": 0}, "nextWallThickness": 200}], "windows": [{"index": 4, "scid": null, "width": 2100, "height": 1000, "thickness": 300, "normal": {"x": 1, "y": 0, "z": 0}, "points": [{"x": -2125, "y": -1050}, {"x": -2125, "y": 1050}, {"x": -1825, "y": 1050}, {"x": -1825, "y": -1050}]}], "doors": [{"index": 2, "scid": null, "width": 900, "height": 2400, "thickness": 300, "entrance": true, "normal": {"x": -1, "y": 0, "z": 0}, "points": [{"x": 1825, "y": -1400}, {"x": 1825, "y": -500}, {"x": 2125, "y": -500}, {"x": 2125, "y": -1400}]}], "roomLocations": [], "functionZones_new": [{"id": "1", "bound": {"dx": 2876.7045454545455, "dy": 2781.4285714285716}, "center": {"x": 353.69318181818153, "y": 212.14285714285734}}], "functionZones_layout": [{"id": 1, "rot": 270, "bound": {"dx": 1200.0, "dy": 2100.0}, "center": {"x": -625.0, "y": 400.0}}, {"id": 3, "rot": 270, "bound": {"dx": 500.0, "dy": 500.0}, "center": {"x": 225.0, "y": 1200.0}}, {"id": 9, "rot": -10000, "points": [[1875.0, 1450.0], [475, 1450], [475, 850], [1275, 850], [1275, -450], [1875, -450]]}]}
