{"dataId": null, "houseId": null, "roomBound": null, "wallLines": [], "indoorBound": {}, "functionZones": [], "roomType": null, "drRoomType": null, "roomName": null, "walls": [{"index": 1, "thickness": 100, "height": 3000, "points": [{"x": -2625, "y": 1125}, {"x": 725, "y": 1225}, {"x": 725, "y": 1125}, {"x": -2625, "y": 1225}], "normal": {"x": 0, "y": -1, "z": 0}, "nextWallThickness": 100}, {"index": 2, "thickness": 100, "height": 3000, "points": [{"x": 725, "y": 1125}, {"x": 825, "y": 2775}, {"x": 725, "y": 2775}, {"x": 825, "y": 1125}], "normal": {"x": 1, "y": 0, "z": 0}, "nextWallThickness": 100}, {"index": 3, "thickness": 100, "height": 3000, "points": [{"x": 725, "y": 2775}, {"x": 2525, "y": 2875}, {"x": 2525, "y": 2775}, {"x": 725, "y": 2875}], "normal": {"x": 0, "y": -1, "z": 0}, "nextWallThickness": 100}, {"index": 4, "thickness": 100, "height": 3000, "points": [{"x": 2525, "y": 2875}, {"x": 2625, "y": 125}, {"x": 2525, "y": 125}, {"x": 2625, "y": 2875}], "normal": {"x": -1, "y": 0, "z": 0}, "nextWallThickness": 200}, {"index": 5, "thickness": 200, "height": 3000, "points": [{"x": 875, "y": 125}, {"x": 875, "y": -75}, {"x": 2675, "y": 125}, {"x": 2675, "y": -75}], "normal": {"x": 0, "y": 1, "z": 0}, "nextWallThickness": 200}, {"index": 6, "thickness": 200, "height": 3000, "points": [{"x": 675, "y": 125}, {"x": 875, "y": -2725}, {"x": 675, "y": -2725}, {"x": 875, "y": 125}], "normal": {"x": -1, "y": 0, "z": 0}, "nextWallThickness": 200}, {"index": 7, "thickness": 200, "height": 3000, "points": [{"x": -2475, "y": -2725}, {"x": -2475, "y": -2925}, {"x": 875, "y": -2725}, {"x": 875, "y": -2925}], "normal": {"x": 0, "y": 1, "z": 0}, "nextWallThickness": 200}, {"index": 8, "thickness": 200, "height": 3000, "points": [{"x": -2675, "y": -2925}, {"x": -2475, "y": 1125}, {"x": -2675, "y": 1125}, {"x": -2475, "y": -2925}], "normal": {"x": 1, "y": 0, "z": 0}, "nextWallThickness": 100}], "windows": [{"index": 7, "scid": null, "width": 2400, "height": 1000, "thickness": 300, "normal": {"x": 0, "y": 1, "z": 0}, "points": [{"x": -2075, "y": -2975}, {"x": -2075, "y": -2675}, {"x": 325, "y": -2675}, {"x": 325, "y": -2975}]}], "doors": [{"index": 3, "scid": null, "width": 900, "height": 2400, "thickness": 300, "entrance": "ture", "normal": {"x": 0, "y": -1, "z": 0}, "points": [{"x": 925, "y": 2675}, {"x": 925, "y": 2975}, {"x": 1825, "y": 2975}, {"x": 1825, "y": 2675}]}, {"index": 5, "scid": null, "width": 800, "height": 2400, "thickness": 300, "entrance": false, "normal": {"x": 0, "y": 1, "z": 0}, "points": [{"x": 925, "y": -125}, {"x": 925, "y": 175}, {"x": 1725, "y": 175}, {"x": 1725, "y": -125}]}], "roomLocations": [], "functionZones_new": [{"id": "1", "bound": {"dx": 2167.0886075949365, "dy": 2800.0}, "center": {"x": -1388.2911392405065, "y": -1191.6666666666665}}], "functionZones_layout": [{"id": 1, "rot": 0, "bound": {"dx": 2100.0, "dy": 1200.0}, "center": {"x": -1425.0, "y": -1550.0}}, {"id": 3, "rot": 0, "bound": {"dx": 500.0, "dy": 500.0}, "center": {"x": -2225.0, "y": -700.0}}, {"id": 9, "rot": -10000, "points": [[-2475.0, 1125.0], [-2475, -275], [-75, -275], [-75, 325], [-1875, 325], [-1875, 1125]]}]}
