{"dataId": null, "houseId": null, "roomBound": null, "wallLines": [], "indoorBound": {}, "functionZones": [], "roomType": null, "drRoomType": null, "roomName": null, "walls": [{"index": 1, "thickness": 200, "height": 3000, "points": [{"x": -2075, "y": 1375}, {"x": 1875, "y": 1575}, {"x": 1875, "y": 1375}, {"x": -2075, "y": 1575}], "normal": {"x": 0, "y": -1, "z": 0}, "nextWallThickness": 200}, {"index": 2, "thickness": 200, "height": 3000, "points": [{"x": 1875, "y": 1575}, {"x": 2075, "y": -1375}, {"x": 1875, "y": -1375}, {"x": 2075, "y": 1575}], "normal": {"x": -1, "y": 0, "z": 0}, "nextWallThickness": 200}, {"index": 3, "thickness": 200, "height": 3000, "points": [{"x": -1875, "y": -1375}, {"x": -1875, "y": -1575}, {"x": 2075, "y": -1375}, {"x": 2075, "y": -1575}], "normal": {"x": 0, "y": 1, "z": 0}, "nextWallThickness": 200}, {"index": 4, "thickness": 200, "height": 3000, "points": [{"x": -2075, "y": -1575}, {"x": -1875, "y": 1375}, {"x": -2075, "y": 1375}, {"x": -1875, "y": -1575}], "normal": {"x": 1, "y": 0, "z": 0}, "nextWallThickness": 200}], "windows": [{"index": 4, "scid": null, "width": 2100, "height": 1000, "thickness": 300, "normal": {"x": 1, "y": 0, "z": 0}, "points": [{"x": -2125, "y": -1025}, {"x": -2125, "y": 1075}, {"x": -1825, "y": 1075}, {"x": -1825, "y": -1025}]}], "doors": [{"index": 2, "scid": null, "width": 900, "height": 2400, "thickness": 300, "entrance": true, "normal": {"x": -1, "y": 0, "z": 0}, "points": [{"x": 1825, "y": 425}, {"x": 1825, "y": 1325}, {"x": 2125, "y": 1325}, {"x": 2125, "y": 425}]}], "roomLocations": [], "functionZones_new": [{"id": "1", "bound": {"dx": 2452.272727272727, "dy": 2243.181818181818}, "center": {"x": 141.47727272727252, "y": 501.1363636363635}}], "functionZones_layout": [{"id": 1, "rot": 90, "bound": {"dx": 1200.0, "dy": 2100.0}, "center": {"x": -625.0, "y": -325.0}}, {"id": 3, "rot": 90, "bound": {"dx": 500.0, "dy": 500.0}, "center": {"x": 225.0, "y": -1125.0}}, {"id": 9, "rot": -10000, "points": [[1875.0, -1375.0], [475, -1375], [475, -775], [1275, -775], [1275, 375], [1875, 375]]}]}
{"dataId": null, "houseId": null, "roomBound": null, "wallLines": [], "indoorBound": {}, "functionZones": [], "roomType": null, "drRoomType": null, "roomName": null, "walls": [{"index": 1, "thickness": 200, "height": 3000, "points": [{"x": -2075, "y": 1375}, {"x": 1875, "y": 1575}, {"x": 1875, "y": 1375}, {"x": -2075, "y": 1575}], "normal": {"x": 0, "y": -1, "z": 0}, "nextWallThickness": 200}, {"index": 2, "thickness": 200, "height": 3000, "points": [{"x": 1875, "y": 1575}, {"x": 2075, "y": -1375}, {"x": 1875, "y": -1375}, {"x": 2075, "y": 1575}], "normal": {"x": -1, "y": 0, "z": 0}, "nextWallThickness": 200}, {"index": 3, "thickness": 200, "height": 3000, "points": [{"x": -1875, "y": -1375}, {"x": -1875, "y": -1575}, {"x": 2075, "y": -1375}, {"x": 2075, "y": -1575}], "normal": {"x": 0, "y": 1, "z": 0}, "nextWallThickness": 200}, {"index": 4, "thickness": 200, "height": 3000, "points": [{"x": -2075, "y": -1575}, {"x": -1875, "y": 1375}, {"x": -2075, "y": 1375}, {"x": -1875, "y": -1575}], "normal": {"x": 1, "y": 0, "z": 0}, "nextWallThickness": 200}], "windows": [{"index": 4, "scid": null, "width": 2100, "height": 1000, "thickness": 300, "normal": {"x": 1, "y": 0, "z": 0}, "points": [{"x": -2125, "y": -1025}, {"x": -2125, "y": 1075}, {"x": -1825, "y": 1075}, {"x": -1825, "y": -1025}]}], "doors": [{"index": 2, "scid": null, "width": 900, "height": 2400, "thickness": 300, "entrance": true, "normal": {"x": -1, "y": 0, "z": 0}, "points": [{"x": 1825, "y": 425}, {"x": 1825, "y": 1325}, {"x": 2125, "y": 1325}, {"x": 2125, "y": 425}]}], "roomLocations": [], "functionZones_new": [{"id": "1", "bound": {"dx": 2452.272727272727, "dy": 2243.181818181818}, "center": {"x": 141.47727272727252, "y": 501.1363636363635}}], "functionZones_layout": [{"id": 1, "rot": 90, "bound": {"dx": 1200.0, "dy": 2100.0}, "center": {"x": -625.0, "y": -325.0}}, {"id": 3, "rot": 90, "bound": {"dx": 500.0, "dy": 500.0}, "center": {"x": 225.0, "y": -1125.0}}, {"id": 9, "rot": -10000, "points": [[1875.0, -1375.0], [475, -1375], [475, -775], [1275, -775], [1275, 375], [1875, 375]]}]}
{"dataId": null, "houseId": null, "roomBound": null, "wallLines": [], "indoorBound": {}, "functionZones": [], "roomType": null, "drRoomType": null, "roomName": null, "walls": [{"index": 1, "thickness": 200, "height": 3000, "points": [{"x": -2075, "y": 1375}, {"x": 1875, "y": 1575}, {"x": 1875, "y": 1375}, {"x": -2075, "y": 1575}], "normal": {"x": 0, "y": -1, "z": 0}, "nextWallThickness": 200}, {"index": 2, "thickness": 200, "height": 3000, "points": [{"x": 1875, "y": 1575}, {"x": 2075, "y": -1375}, {"x": 1875, "y": -1375}, {"x": 2075, "y": 1575}], "normal": {"x": -1, "y": 0, "z": 0}, "nextWallThickness": 200}, {"index": 3, "thickness": 200, "height": 3000, "points": [{"x": -1875, "y": -1375}, {"x": -1875, "y": -1575}, {"x": 2075, "y": -1375}, {"x": 2075, "y": -1575}], "normal": {"x": 0, "y": 1, "z": 0}, "nextWallThickness": 200}, {"index": 4, "thickness": 200, "height": 3000, "points": [{"x": -2075, "y": -1575}, {"x": -1875, "y": 1375}, {"x": -2075, "y": 1375}, {"x": -1875, "y": -1575}], "normal": {"x": 1, "y": 0, "z": 0}, "nextWallThickness": 200}], "windows": [{"index": 4, "scid": null, "width": 2100, "height": 1000, "thickness": 300, "normal": {"x": 1, "y": 0, "z": 0}, "points": [{"x": -2125, "y": -1025}, {"x": -2125, "y": 1075}, {"x": -1825, "y": 1075}, {"x": -1825, "y": -1025}]}], "doors": [{"index": 2, "scid": null, "width": 900, "height": 2400, "thickness": 300, "entrance": true, "normal": {"x": -1, "y": 0, "z": 0}, "points": [{"x": 1825, "y": 425}, {"x": 1825, "y": 1325}, {"x": 2125, "y": 1325}, {"x": 2125, "y": 425}]}], "roomLocations": [], "functionZones_new": [{"id": "1", "bound": {"dx": 2452.272727272727, "dy": 2243.181818181818}, "center": {"x": 141.47727272727252, "y": 501.1363636363635}}], "functionZones_layout": [{"id": 1, "rot": 90, "bound": {"dx": 1200.0, "dy": 2100.0}, "center": {"x": -625.0, "y": -325.0}}, {"id": 3, "rot": 90, "bound": {"dx": 500.0, "dy": 500.0}, "center": {"x": 225.0, "y": -1125.0}}, {"id": 9, "rot": -10000, "points": [[1875.0, -1375.0], [475, -1375], [475, -775], [1275, -775], [1275, 375], [1875, 375]]}]}
