{"dataId": null, "houseId": null, "roomBound": null, "wallLines": [], "indoorBound": {}, "functionZones": [], "roomType": null, "drRoomType": null, "roomName": null, "walls": [{"index": 1, "thickness": 100, "height": 3000, "points": [{"x": -1775, "y": 1825}, {"x": 1575, "y": 1925}, {"x": 1575, "y": 1825}, {"x": -1775, "y": 1925}], "normal": {"x": 0, "y": -1, "z": 0}, "previousWallThickness": 200, "nextWallThickness": 200}, {"index": 2, "thickness": 200, "height": 3000, "points": [{"x": 1575, "y": 1925}, {"x": 1775, "y": -1775}, {"x": 1575, "y": -1775}, {"x": 1775, "y": 1925}], "normal": {"x": -1, "y": 0, "z": 0}, "previousWallThickness": 100, "nextWallThickness": 200}, {"index": 3, "thickness": 200, "height": 3000, "points": [{"x": -1575, "y": -1775}, {"x": -1575, "y": -1975}, {"x": 1775, "y": -1775}, {"x": 1775, "y": -1975}], "normal": {"x": 0, "y": 1, "z": 0}, "previousWallThickness": 200, "nextWallThickness": 200}, {"index": 4, "thickness": 200, "height": 3000, "points": [{"x": -1775, "y": -1975}, {"x": -1575, "y": 1825}, {"x": -1775, "y": 1825}, {"x": -1575, "y": -1975}], "normal": {"x": 1, "y": 0, "z": 0}, "previousWallThickness": 200, "nextWallThickness": 100}], "windows": [{"index": 3, "scid": null, "width": 1780, "height": 1000, "thickness": 300, "normal": {"x": 0, "y": 1, "z": 0}, "points": [{"x": -925, "y": -2025}, {"x": -925, "y": -1725}, {"x": 855, "y": -1725}, {"x": 855, "y": -2025}]}], "doors": [{"index": 1, "scid": null, "width": 1250, "height": 2400, "thickness": 300, "entrance": "ture", "normal": {"x": 0, "y": -1, "z": 0}, "points": [{"x": -1625, "y": 1725}, {"x": -1625, "y": 2025}, {"x": -375, "y": 2025}, {"x": -375, "y": 1725}]}], "roomLocations": [], "functionZones_new": [{"id": "1", "bound": {"dx": 2093.5897435897436, "dy": 1882.7586206896553}, "center": {"x": 500.6410256410254, "y": -226.72413793103442}}], "functionZones_layout": [{"id": 1, "rot": 180, "bound": {"dx": 2100.0, "dy": 1200.0}, "center": {"x": 525.0, "y": -675.0}}, {"id": 3, "rot": 180, "bound": {"dx": 500.0, "dy": 500.0}, "center": {"x": 1325.0, "y": 175.0}}, {"id": 9, "rot": -10000, "points": [[1575.0, 1825.0], [1575, 425], [975, 425], [975, 1225], [-325, 1225], [-325, 1825]]}]}
{"dataId": null, "houseId": null, "roomBound": null, "wallLines": [], "indoorBound": {}, "functionZones": [], "roomType": null, "drRoomType": null, "roomName": null, "walls": [{"index": 1, "thickness": 100, "height": 3000, "points": [{"x": -1775, "y": 1825}, {"x": 1575, "y": 1925}, {"x": 1575, "y": 1825}, {"x": -1775, "y": 1925}], "normal": {"x": 0, "y": -1, "z": 0}, "previousWallThickness": 200, "nextWallThickness": 200}, {"index": 2, "thickness": 200, "height": 3000, "points": [{"x": 1575, "y": 1925}, {"x": 1775, "y": -1775}, {"x": 1575, "y": -1775}, {"x": 1775, "y": 1925}], "normal": {"x": -1, "y": 0, "z": 0}, "previousWallThickness": 100, "nextWallThickness": 200}, {"index": 3, "thickness": 200, "height": 3000, "points": [{"x": -1575, "y": -1775}, {"x": -1575, "y": -1975}, {"x": 1775, "y": -1775}, {"x": 1775, "y": -1975}], "normal": {"x": 0, "y": 1, "z": 0}, "previousWallThickness": 200, "nextWallThickness": 200}, {"index": 4, "thickness": 200, "height": 3000, "points": [{"x": -1775, "y": -1975}, {"x": -1575, "y": 1825}, {"x": -1775, "y": 1825}, {"x": -1575, "y": -1975}], "normal": {"x": 1, "y": 0, "z": 0}, "previousWallThickness": 200, "nextWallThickness": 100}], "windows": [{"index": 3, "scid": null, "width": 1780, "height": 1000, "thickness": 300, "normal": {"x": 0, "y": 1, "z": 0}, "points": [{"x": -925, "y": -2025}, {"x": -925, "y": -1725}, {"x": 855, "y": -1725}, {"x": 855, "y": -2025}]}], "doors": [{"index": 1, "scid": null, "width": 1250, "height": 2400, "thickness": 300, "entrance": "ture", "normal": {"x": 0, "y": -1, "z": 0}, "points": [{"x": -1625, "y": 1725}, {"x": -1625, "y": 2025}, {"x": -375, "y": 2025}, {"x": -375, "y": 1725}]}], "roomLocations": [], "functionZones_new": [{"id": "1", "bound": {"dx": 2093.5897435897436, "dy": 1882.7586206896553}, "center": {"x": 500.6410256410254, "y": -226.72413793103442}}], "functionZones_layout": [{"id": 1, "rot": 180, "bound": {"dx": 2100.0, "dy": 1200.0}, "center": {"x": 525.0, "y": -675.0}}, {"id": 3, "rot": 180, "bound": {"dx": 500.0, "dy": 500.0}, "center": {"x": 1325.0, "y": 175.0}}, {"id": 9, "rot": -10000, "points": [[1575.0, 1825.0], [1575, 425], [975, 425], [975, 1225], [-325, 1225], [-325, 1825]]}]}
{"dataId": null, "houseId": null, "roomBound": null, "wallLines": [], "indoorBound": {}, "functionZones": [], "roomType": null, "drRoomType": null, "roomName": null, "walls": [{"index": 1, "thickness": 100, "height": 3000, "points": [{"x": -1775, "y": 1825}, {"x": 1575, "y": 1925}, {"x": 1575, "y": 1825}, {"x": -1775, "y": 1925}], "normal": {"x": 0, "y": -1, "z": 0}, "previousWallThickness": 200, "nextWallThickness": 200}, {"index": 2, "thickness": 200, "height": 3000, "points": [{"x": 1575, "y": 1925}, {"x": 1775, "y": -1775}, {"x": 1575, "y": -1775}, {"x": 1775, "y": 1925}], "normal": {"x": -1, "y": 0, "z": 0}, "previousWallThickness": 100, "nextWallThickness": 200}, {"index": 3, "thickness": 200, "height": 3000, "points": [{"x": -1575, "y": -1775}, {"x": -1575, "y": -1975}, {"x": 1775, "y": -1775}, {"x": 1775, "y": -1975}], "normal": {"x": 0, "y": 1, "z": 0}, "previousWallThickness": 200, "nextWallThickness": 200}, {"index": 4, "thickness": 200, "height": 3000, "points": [{"x": -1775, "y": -1975}, {"x": -1575, "y": 1825}, {"x": -1775, "y": 1825}, {"x": -1575, "y": -1975}], "normal": {"x": 1, "y": 0, "z": 0}, "previousWallThickness": 200, "nextWallThickness": 100}], "windows": [{"index": 3, "scid": null, "width": 1780, "height": 1000, "thickness": 300, "normal": {"x": 0, "y": 1, "z": 0}, "points": [{"x": -925, "y": -2025}, {"x": -925, "y": -1725}, {"x": 855, "y": -1725}, {"x": 855, "y": -2025}]}], "doors": [{"index": 1, "scid": null, "width": 1250, "height": 2400, "thickness": 300, "entrance": "ture", "normal": {"x": 0, "y": -1, "z": 0}, "points": [{"x": -1625, "y": 1725}, {"x": -1625, "y": 2025}, {"x": -375, "y": 2025}, {"x": -375, "y": 1725}]}], "roomLocations": [], "functionZones_new": [{"id": "1", "bound": {"dx": 2093.5897435897436, "dy": 1882.7586206896553}, "center": {"x": 500.6410256410254, "y": -226.72413793103442}}], "functionZones_layout": [{"id": 1, "rot": 180, "bound": {"dx": 2100.0, "dy": 1200.0}, "center": {"x": 525.0, "y": -675.0}}, {"id": 3, "rot": 180, "bound": {"dx": 500.0, "dy": 500.0}, "center": {"x": 1325.0, "y": 175.0}}, {"id": 9, "rot": -10000, "points": [[1575.0, 1825.0], [1575, 425], [975, 425], [975, 1225], [-325, 1225], [-325, 1825]]}]}
