{"dataId": null, "houseId": null, "roomBound": null, "wallLines": [], "indoorBound": {}, "functionZones": [], "roomType": null, "drRoomType": null, "roomName": null, "walls": [{"index": 1, "thickness": 100, "height": 3000, "points": [{"x": -1425, "y": 2025}, {"x": 1275, "y": 2125}, {"x": 1275, "y": 2025}, {"x": -1425, "y": 2125}], "normal": {"x": 0, "y": -1, "z": 0}, "nextWallThickness": 200}, {"index": 2, "thickness": 200, "height": 3000, "points": [{"x": 1275, "y": 2175}, {"x": 1475, "y": -1975}, {"x": 1275, "y": -1975}, {"x": 1475, "y": 2175}], "normal": {"x": -1, "y": 0, "z": 0}, "nextWallThickness": 200}, {"index": 3, "thickness": 200, "height": 3000, "points": [{"x": -1325, "y": -1975}, {"x": -1325, "y": -2175}, {"x": 1475, "y": -1975}, {"x": 1475, "y": -2175}], "normal": {"x": 0, "y": 1, "z": 0}, "nextWallThickness": 100}, {"index": 4, "thickness": 100, "height": 3000, "points": [{"x": -1425, "y": -2125}, {"x": -1325, "y": 2025}, {"x": -1425, "y": 2025}, {"x": -1325, "y": -2125}], "normal": {"x": 1, "y": 0, "z": 0}, "nextWallThickness": 100}], "windows": [{"index": 3, "scid": null, "width": 1500, "height": 1000, "thickness": 300, "normal": {"x": 0, "y": 1, "z": 0}, "points": [{"x": -825, "y": -2225}, {"x": -825, "y": -1925}, {"x": 675, "y": -1925}, {"x": 675, "y": -2225}]}], "doors": [{"index": 4, "scid": null, "width": 900, "height": 2400, "thickness": 300, "entrance": true, "normal": {"x": 1, "y": 0, "z": 0}, "points": [{"x": -1525, "y": 1025}, {"x": -1525, "y": 1925}, {"x": -1225, "y": 1925}, {"x": -1225, "y": 1025}]}], "roomLocations": [], "functionZones_new": [{"id": "1", "bound": {"dx": 1691.6666666666667, "dy": 2200.0}, "center": {"x": 339.16666666666674, "y": 225.0}}], "functionZones_layout": [{"id": 1, "rot": 180, "bound": {"dx": 2100.0, "dy": 1800.0}, "center": {"x": 225.0, "y": -775.0}}, {"id": 3, "rot": 180, "bound": {"dx": 500.0, "dy": 500.0}, "center": {"x": 1025.0, "y": 375.0}}, {"id": 9, "rot": -10000, "points": [[1275.0, 2025.0], [1275, 625], [675, 625], [675, 1425], [-225, 1425], [-225, 2025]]}]}
{"dataId": null, "houseId": null, "roomBound": null, "wallLines": [], "indoorBound": {}, "functionZones": [], "roomType": null, "drRoomType": null, "roomName": null, "walls": [{"index": 1, "thickness": 100, "height": 3000, "points": [{"x": -1425, "y": 2025}, {"x": 1275, "y": 2125}, {"x": 1275, "y": 2025}, {"x": -1425, "y": 2125}], "normal": {"x": 0, "y": -1, "z": 0}, "nextWallThickness": 200}, {"index": 2, "thickness": 200, "height": 3000, "points": [{"x": 1275, "y": 2175}, {"x": 1475, "y": -1975}, {"x": 1275, "y": -1975}, {"x": 1475, "y": 2175}], "normal": {"x": -1, "y": 0, "z": 0}, "nextWallThickness": 200}, {"index": 3, "thickness": 200, "height": 3000, "points": [{"x": -1325, "y": -1975}, {"x": -1325, "y": -2175}, {"x": 1475, "y": -1975}, {"x": 1475, "y": -2175}], "normal": {"x": 0, "y": 1, "z": 0}, "nextWallThickness": 100}, {"index": 4, "thickness": 100, "height": 3000, "points": [{"x": -1425, "y": -2125}, {"x": -1325, "y": 2025}, {"x": -1425, "y": 2025}, {"x": -1325, "y": -2125}], "normal": {"x": 1, "y": 0, "z": 0}, "nextWallThickness": 100}], "windows": [{"index": 3, "scid": null, "width": 1500, "height": 1000, "thickness": 300, "normal": {"x": 0, "y": 1, "z": 0}, "points": [{"x": -825, "y": -2225}, {"x": -825, "y": -1925}, {"x": 675, "y": -1925}, {"x": 675, "y": -2225}]}], "doors": [{"index": 4, "scid": null, "width": 900, "height": 2400, "thickness": 300, "entrance": true, "normal": {"x": 1, "y": 0, "z": 0}, "points": [{"x": -1525, "y": 1025}, {"x": -1525, "y": 1925}, {"x": -1225, "y": 1925}, {"x": -1225, "y": 1025}]}], "roomLocations": [], "functionZones_new": [{"id": "1", "bound": {"dx": 1691.6666666666667, "dy": 2200.0}, "center": {"x": 339.16666666666674, "y": 225.0}}], "functionZones_layout": [{"id": 1, "rot": 180, "bound": {"dx": 2100.0, "dy": 1800.0}, "center": {"x": 225.0, "y": -775.0}}, {"id": 3, "rot": 180, "bound": {"dx": 500.0, "dy": 500.0}, "center": {"x": 1025.0, "y": 375.0}}, {"id": 9, "rot": -10000, "points": [[1275.0, 2025.0], [1275, 625], [675, 625], [675, 1425], [-225, 1425], [-225, 2025]]}]}
{"dataId": null, "houseId": null, "roomBound": null, "wallLines": [], "indoorBound": {}, "functionZones": [], "roomType": null, "drRoomType": null, "roomName": null, "walls": [{"index": 1, "thickness": 100, "height": 3000, "points": [{"x": -1425, "y": 2025}, {"x": 1275, "y": 2125}, {"x": 1275, "y": 2025}, {"x": -1425, "y": 2125}], "normal": {"x": 0, "y": -1, "z": 0}, "nextWallThickness": 200}, {"index": 2, "thickness": 200, "height": 3000, "points": [{"x": 1275, "y": 2175}, {"x": 1475, "y": -1975}, {"x": 1275, "y": -1975}, {"x": 1475, "y": 2175}], "normal": {"x": -1, "y": 0, "z": 0}, "nextWallThickness": 200}, {"index": 3, "thickness": 200, "height": 3000, "points": [{"x": -1325, "y": -1975}, {"x": -1325, "y": -2175}, {"x": 1475, "y": -1975}, {"x": 1475, "y": -2175}], "normal": {"x": 0, "y": 1, "z": 0}, "nextWallThickness": 100}, {"index": 4, "thickness": 100, "height": 3000, "points": [{"x": -1425, "y": -2125}, {"x": -1325, "y": 2025}, {"x": -1425, "y": 2025}, {"x": -1325, "y": -2125}], "normal": {"x": 1, "y": 0, "z": 0}, "nextWallThickness": 100}], "windows": [{"index": 3, "scid": null, "width": 1500, "height": 1000, "thickness": 300, "normal": {"x": 0, "y": 1, "z": 0}, "points": [{"x": -825, "y": -2225}, {"x": -825, "y": -1925}, {"x": 675, "y": -1925}, {"x": 675, "y": -2225}]}], "doors": [{"index": 4, "scid": null, "width": 900, "height": 2400, "thickness": 300, "entrance": true, "normal": {"x": 1, "y": 0, "z": 0}, "points": [{"x": -1525, "y": 1025}, {"x": -1525, "y": 1925}, {"x": -1225, "y": 1925}, {"x": -1225, "y": 1025}]}], "roomLocations": [], "functionZones_new": [{"id": "1", "bound": {"dx": 1691.6666666666667, "dy": 2200.0}, "center": {"x": 339.16666666666674, "y": 225.0}}], "functionZones_layout": [{"id": 1, "rot": 180, "bound": {"dx": 2100.0, "dy": 1800.0}, "center": {"x": 225.0, "y": -775.0}}, {"id": 3, "rot": 180, "bound": {"dx": 500.0, "dy": 500.0}, "center": {"x": 1025.0, "y": 375.0}}, {"id": 9, "rot": -10000, "points": [[1275.0, 2025.0], [1275, 625], [675, 625], [675, 1425], [-225, 1425], [-225, 2025]]}]}
