{"dataId": null, "houseId": null, "roomBound": null, "wallLines": [], "indoorBound": {}, "functionZones": [], "roomType": null, "drRoomType": null, "roomName": null, "walls": [{"index": 1, "thickness": 100, "height": 3000, "points": [{"x": -1700, "y": 1975}, {"x": 1550, "y": 2075}, {"x": 1550, "y": 1975}, {"x": -1700, "y": 2075}], "normal": {"x": 0, "y": -1, "z": 0}, "nextWallThickness": 200}, {"index": 2, "thickness": 200, "height": 3000, "points": [{"x": 1550, "y": 2125}, {"x": 1750, "y": -1925}, {"x": 1550, "y": -1925}, {"x": 1750, "y": 2125}], "normal": {"x": -1, "y": 0, "z": 0}, "nextWallThickness": 200}, {"index": 3, "thickness": 200, "height": 3000, "points": [{"x": -1550, "y": -1925}, {"x": -1550, "y": -2125}, {"x": 1750, "y": -1925}, {"x": 1750, "y": -2125}], "normal": {"x": 0, "y": 1, "z": 0}, "nextWallThickness": 200}, {"index": 4, "thickness": 200, "height": 3000, "points": [{"x": -1750, "y": -2125}, {"x": -1550, "y": 1975}, {"x": -1750, "y": 1975}, {"x": -1550, "y": -2125}], "normal": {"x": 1, "y": 0, "z": 0}, "nextWallThickness": 100}], "windows": [{"index": 3, "scid": null, "width": 1800, "height": 1000, "thickness": 300, "normal": {"x": 0, "y": 1, "z": 0}, "points": [{"x": -900, "y": -2175}, {"x": -900, "y": -1875}, {"x": 900, "y": -1875}, {"x": 900, "y": -2175}]}], "doors": [{"index": 1, "scid": null, "width": 900, "height": 2400, "thickness": 300, "entrance": "ture", "normal": {"x": 0, "y": -1, "z": 0}, "points": [{"x": 550, "y": 1875}, {"x": 550, "y": 2175}, {"x": 1450, "y": 2175}, {"x": 1450, "y": 1875}]}], "roomLocations": [], "functionZones_new": [{"id": "1", "bound": {"dx": 1823.9436619718308, "dy": 1807.471264367816}, "center": {"x": 640.8450704225352, "y": -48.85057471264372}}], "functionZones_layout": [{"id": 1, "rot": 0, "bound": {"dx": 2100.0, "dy": 1500.0}, "center": {"x": -500.0, "y": -725.0}}, {"id": 3, "rot": 0, "bound": {"dx": 500.0, "dy": 500.0}, "center": {"x": -1300.0, "y": 275.0}}, {"id": 9, "rot": -10000, "points": [[-1550.0, 1975.0], [-1550, 575], [-950, 575], [-950, 1375], [500, 1375], [500, 1975]]}, {"id": 4, "rot": 180, "bound": {"dx": 400.0, "dy": 1500.0}, "center": {"x": 1350.0, "y": -725.0}}]}
