{"dataId": null, "houseId": null, "roomBound": null, "wallLines": [], "indoorBound": {}, "functionZones": [], "roomType": null, "drRoomType": null, "roomName": null, "walls": [{"index": 1, "thickness": 100, "height": 3000, "points": [{"x": -1850, "y": 2300}, {"x": 1700, "y": 2400}, {"x": 1700, "y": 2300}, {"x": -1850, "y": 2400}], "normal": {"x": 0, "y": -1, "z": 0}, "nextWallThickness": 200}, {"index": 2, "thickness": 200, "height": 3000, "points": [{"x": 1700, "y": 2450}, {"x": 1900, "y": -2250}, {"x": 1700, "y": -2250}, {"x": 1900, "y": 2450}], "normal": {"x": -1, "y": 0, "z": 0}, "nextWallThickness": 200}, {"index": 3, "thickness": 200, "height": 3000, "points": [{"x": -1700, "y": -2250}, {"x": -1700, "y": -2450}, {"x": 1900, "y": -2250}, {"x": 1900, "y": -2450}], "normal": {"x": 0, "y": 1, "z": 0}, "nextWallThickness": 200}, {"index": 4, "thickness": 200, "height": 3000, "points": [{"x": -1900, "y": -2450}, {"x": -1700, "y": 2300}, {"x": -1900, "y": 2300}, {"x": -1700, "y": -2450}], "normal": {"x": 1, "y": 0, "z": 0}, "nextWallThickness": 100}], "windows": [{"index": 3, "scid": null, "width": 2700, "height": 1000, "thickness": 300, "normal": {"x": 0, "y": 1, "z": 0}, "points": [{"x": -1000, "y": -2500}, {"x": -1000, "y": -2200}, {"x": 1700, "y": -2200}, {"x": 1700, "y": -2500}]}], "doors": [{"index": 1, "scid": null, "width": 800, "height": 2400, "thickness": 300, "entrance": false, "normal": {"x": 0, "y": -1, "z": 0}, "points": [{"x": 0, "y": 2200}, {"x": 0, "y": 2500}, {"x": 800, "y": 2500}, {"x": 800, "y": 2200}]}, {"index": 4, "scid": null, "width": 900, "height": 2400, "thickness": 300, "entrance": "ture", "normal": {"x": 1, "y": 0, "z": 0}, "points": [{"x": -1950, "y": 1300}, {"x": -1950, "y": 2200}, {"x": -1650, "y": 2200}, {"x": -1650, "y": 1300}]}], "roomLocations": [], "functionZones_new": [{"id": "1", "bound": {"dx": 3119.402985074627, "dy": 2647.1264367816093}, "center": {"x": 170.14925373134338, "y": -56.321839080459995}}], "functionZones_layout": [{"id": 1, "rot": 180, "bound": {"dx": 2100.0, "dy": 1200.0}, "center": {"x": 650.0, "y": -200.0}}, {"id": 3, "rot": 180, "bound": {"dx": 500.0, "dy": 500.0}, "center": {"x": 1450.0, "y": -1050.0}}, {"id": 3, "rot": 180, "bound": {"dx": 500.0, "dy": 500.0}, "center": {"x": 1450.0, "y": 650.0}}, {"id": 9, "rot": -10000, "points": [[1700.0, 2300.0], [1700, 900], [-400, 900], [-400, 1500], [1100, 1500], [1100, 2300]]}]}
{"dataId": null, "houseId": null, "roomBound": null, "wallLines": [], "indoorBound": {}, "functionZones": [], "roomType": null, "drRoomType": null, "roomName": null, "walls": [{"index": 1, "thickness": 100, "height": 3000, "points": [{"x": -1850, "y": 2300}, {"x": 1700, "y": 2400}, {"x": 1700, "y": 2300}, {"x": -1850, "y": 2400}], "normal": {"x": 0, "y": -1, "z": 0}, "nextWallThickness": 200}, {"index": 2, "thickness": 200, "height": 3000, "points": [{"x": 1700, "y": 2450}, {"x": 1900, "y": -2250}, {"x": 1700, "y": -2250}, {"x": 1900, "y": 2450}], "normal": {"x": -1, "y": 0, "z": 0}, "nextWallThickness": 200}, {"index": 3, "thickness": 200, "height": 3000, "points": [{"x": -1700, "y": -2250}, {"x": -1700, "y": -2450}, {"x": 1900, "y": -2250}, {"x": 1900, "y": -2450}], "normal": {"x": 0, "y": 1, "z": 0}, "nextWallThickness": 200}, {"index": 4, "thickness": 200, "height": 3000, "points": [{"x": -1900, "y": -2450}, {"x": -1700, "y": 2300}, {"x": -1900, "y": 2300}, {"x": -1700, "y": -2450}], "normal": {"x": 1, "y": 0, "z": 0}, "nextWallThickness": 100}], "windows": [{"index": 3, "scid": null, "width": 2700, "height": 1000, "thickness": 300, "normal": {"x": 0, "y": 1, "z": 0}, "points": [{"x": -1000, "y": -2500}, {"x": -1000, "y": -2200}, {"x": 1700, "y": -2200}, {"x": 1700, "y": -2500}]}], "doors": [{"index": 1, "scid": null, "width": 800, "height": 2400, "thickness": 300, "entrance": false, "normal": {"x": 0, "y": -1, "z": 0}, "points": [{"x": 0, "y": 2200}, {"x": 0, "y": 2500}, {"x": 800, "y": 2500}, {"x": 800, "y": 2200}]}, {"index": 4, "scid": null, "width": 900, "height": 2400, "thickness": 300, "entrance": "ture", "normal": {"x": 1, "y": 0, "z": 0}, "points": [{"x": -1950, "y": 1300}, {"x": -1950, "y": 2200}, {"x": -1650, "y": 2200}, {"x": -1650, "y": 1300}]}], "roomLocations": [], "functionZones_new": [{"id": "1", "bound": {"dx": 3119.402985074627, "dy": 2647.1264367816093}, "center": {"x": 170.14925373134338, "y": -56.321839080459995}}], "functionZones_layout": [{"id": 1, "rot": 180, "bound": {"dx": 2100.0, "dy": 1200.0}, "center": {"x": 650.0, "y": -200.0}}, {"id": 3, "rot": 180, "bound": {"dx": 500.0, "dy": 500.0}, "center": {"x": 1450.0, "y": -1050.0}}, {"id": 3, "rot": 180, "bound": {"dx": 500.0, "dy": 500.0}, "center": {"x": 1450.0, "y": 650.0}}, {"id": 9, "rot": -10000, "points": [[1700.0, 2300.0], [1700, 900], [-400, 900], [-400, 1500], [1100, 1500], [1100, 2300]]}]}
{"dataId": null, "houseId": null, "roomBound": null, "wallLines": [], "indoorBound": {}, "functionZones": [], "roomType": null, "drRoomType": null, "roomName": null, "walls": [{"index": 1, "thickness": 100, "height": 3000, "points": [{"x": -1850, "y": 2300}, {"x": 1700, "y": 2400}, {"x": 1700, "y": 2300}, {"x": -1850, "y": 2400}], "normal": {"x": 0, "y": -1, "z": 0}, "nextWallThickness": 200}, {"index": 2, "thickness": 200, "height": 3000, "points": [{"x": 1700, "y": 2450}, {"x": 1900, "y": -2250}, {"x": 1700, "y": -2250}, {"x": 1900, "y": 2450}], "normal": {"x": -1, "y": 0, "z": 0}, "nextWallThickness": 200}, {"index": 3, "thickness": 200, "height": 3000, "points": [{"x": -1700, "y": -2250}, {"x": -1700, "y": -2450}, {"x": 1900, "y": -2250}, {"x": 1900, "y": -2450}], "normal": {"x": 0, "y": 1, "z": 0}, "nextWallThickness": 200}, {"index": 4, "thickness": 200, "height": 3000, "points": [{"x": -1900, "y": -2450}, {"x": -1700, "y": 2300}, {"x": -1900, "y": 2300}, {"x": -1700, "y": -2450}], "normal": {"x": 1, "y": 0, "z": 0}, "nextWallThickness": 100}], "windows": [{"index": 3, "scid": null, "width": 2700, "height": 1000, "thickness": 300, "normal": {"x": 0, "y": 1, "z": 0}, "points": [{"x": -1000, "y": -2500}, {"x": -1000, "y": -2200}, {"x": 1700, "y": -2200}, {"x": 1700, "y": -2500}]}], "doors": [{"index": 1, "scid": null, "width": 800, "height": 2400, "thickness": 300, "entrance": false, "normal": {"x": 0, "y": -1, "z": 0}, "points": [{"x": 0, "y": 2200}, {"x": 0, "y": 2500}, {"x": 800, "y": 2500}, {"x": 800, "y": 2200}]}, {"index": 4, "scid": null, "width": 900, "height": 2400, "thickness": 300, "entrance": "ture", "normal": {"x": 1, "y": 0, "z": 0}, "points": [{"x": -1950, "y": 1300}, {"x": -1950, "y": 2200}, {"x": -1650, "y": 2200}, {"x": -1650, "y": 1300}]}], "roomLocations": [], "functionZones_new": [{"id": "1", "bound": {"dx": 3119.402985074627, "dy": 2647.1264367816093}, "center": {"x": 170.14925373134338, "y": -56.321839080459995}}], "functionZones_layout": [{"id": 1, "rot": 180, "bound": {"dx": 2100.0, "dy": 1200.0}, "center": {"x": 650.0, "y": -200.0}}, {"id": 3, "rot": 180, "bound": {"dx": 500.0, "dy": 500.0}, "center": {"x": 1450.0, "y": -1050.0}}, {"id": 3, "rot": 180, "bound": {"dx": 500.0, "dy": 500.0}, "center": {"x": 1450.0, "y": 650.0}}, {"id": 9, "rot": -10000, "points": [[1700.0, 2300.0], [1700, 900], [-400, 900], [-400, 1500], [1100, 1500], [1100, 2300]]}]}
