{"dataId": null, "houseId": null, "roomBound": null, "wallLines": [], "indoorBound": {}, "functionZones": [], "roomType": null, "drRoomType": null, "roomName": null, "walls": [{"index": 1, "thickness": 100, "height": 3000, "points": [{"x": -2025, "y": 2075}, {"x": -725, "y": 2175}, {"x": -725, "y": 2075}, {"x": -2025, "y": 2175}], "normal": {"x": 0, "y": -1, "z": 0}, "previousWallThickness": 200, "nextWallThickness": 100}, {"index": 2, "thickness": 100, "height": 3000, "points": [{"x": -725, "y": 2175}, {"x": -625, "y": 1775}, {"x": -725, "y": 1775}, {"x": -625, "y": 2175}], "normal": {"x": -1, "y": 0, "z": 0}, "previousWallThickness": 100, "nextWallThickness": 100}, {"index": 3, "thickness": 100, "height": 3000, "points": [{"x": -725, "y": 1675}, {"x": 1825, "y": 1775}, {"x": 1825, "y": 1675}, {"x": -725, "y": 1775}], "normal": {"x": 0, "y": -1, "z": 0}, "previousWallThickness": 100, "nextWallThickness": 200}, {"index": 4, "thickness": 200, "height": 3000, "points": [{"x": 1825, "y": 1775}, {"x": 2025, "y": -2025}, {"x": 1825, "y": -2025}, {"x": 2025, "y": 1775}], "normal": {"x": -1, "y": 0, "z": 0}, "previousWallThickness": 100, "nextWallThickness": 200}, {"index": 5, "thickness": 200, "height": 3000, "points": [{"x": -1825, "y": -2025}, {"x": -1825, "y": -2225}, {"x": 2025, "y": -2025}, {"x": 2025, "y": -2225}], "normal": {"x": 0, "y": 1, "z": 0}, "previousWallThickness": 200, "nextWallThickness": 200}, {"index": 6, "thickness": 200, "height": 3000, "points": [{"x": -2025, "y": -2225}, {"x": -1825, "y": 2075}, {"x": -2025, "y": 2075}, {"x": -1825, "y": -2225}], "normal": {"x": 1, "y": 0, "z": 0}, "previousWallThickness": 200, "nextWallThickness": 100}], "windows": [{"index": 5, "scid": null, "width": 1500, "height": 1000, "thickness": 300, "normal": {"x": 0, "y": 1, "z": 0}, "points": [{"x": -750, "y": -2275}, {"x": -750, "y": -1975}, {"x": 750, "y": -1975}, {"x": 750, "y": -2275}]}], "doors": [{"index": 1, "scid": null, "width": 900, "height": 2400, "thickness": 300, "entrance": "ture", "normal": {"x": 0, "y": -1, "z": 0}, "points": [{"x": -1725, "y": 1975}, {"x": -1725, "y": 2275}, {"x": -825, "y": 2275}, {"x": -825, "y": 1975}]}], "roomLocations": [], "functionZones_new": [{"id": "1", "bound": {"dx": 2306.9620253164558, "dy": 2275.862068965517}, "center": {"x": 666.4556962025317, "y": -480.1724137931035}}], "functionZones_layout": [{"id": 1, "rot": 180, "bound": {"dx": 2100.0, "dy": 1200.0}, "center": {"x": 775.0, "y": -875.0}}, {"id": 3, "rot": 180, "bound": {"dx": 500.0, "dy": 500.0}, "center": {"x": 1575.0, "y": -25.0}}, {"id": 9, "rot": -10000, "points": [[1825.0, 1675.0], [1825, 275], [1225, 275], [1225, 1075], [-575, 1075], [-575, 1675]]}]}
