{"dataId": null, "houseId": null, "roomBound": null, "wallLines": [], "indoorBound": {}, "functionZones": [], "roomType": null, "drRoomType": null, "roomName": null, "walls": [{"index": 1, "thickness": 200, "height": 3000, "points": [{"x": -1625, "y": 1900}, {"x": 1475, "y": 2100}, {"x": 1475, "y": 1900}, {"x": -1625, "y": 2100}], "normal": {"x": 0, "y": -1, "z": 0}, "nextWallThickness": 100}, {"index": 2, "thickness": 100, "height": 3000, "points": [{"x": 1475, "y": 2050}, {"x": 1575, "y": -1950}, {"x": 1475, "y": -1950}, {"x": 1575, "y": 2050}], "normal": {"x": -1, "y": 0, "z": 0}, "nextWallThickness": 100}, {"index": 3, "thickness": 100, "height": 3000, "points": [{"x": -1425, "y": -1950}, {"x": -1425, "y": -2050}, {"x": 1575, "y": -1950}, {"x": 1575, "y": -2050}], "normal": {"x": 0, "y": 1, "z": 0}, "nextWallThickness": 200}, {"index": 4, "thickness": 200, "height": 3000, "points": [{"x": -1625, "y": -2100}, {"x": -1425, "y": 1900}, {"x": -1625, "y": 1900}, {"x": -1425, "y": -2100}], "normal": {"x": 1, "y": 0, "z": 0}, "nextWallThickness": 200}], "windows": [{"index": 1, "scid": null, "width": 2100, "height": 1000, "thickness": 300, "normal": {"x": 0, "y": -1, "z": 0}, "points": [{"x": -975, "y": 1850}, {"x": -975, "y": 2150}, {"x": 1125, "y": 2150}, {"x": 1125, "y": 1850}]}], "doors": [{"index": 3, "scid": null, "width": 900, "height": 2400, "thickness": 300, "entrance": true, "normal": {"x": 0, "y": 1, "z": 0}, "points": [{"x": 475, "y": -2150}, {"x": 475, "y": -1850}, {"x": 1375, "y": -1850}, {"x": 1375, "y": -2150}]}], "roomLocations": [], "functionZones_new": [{"id": "1", "bound": {"dx": 1600.0, "dy": 675.8620689655172}, "center": {"x": -582.5757575757575, "y": -700.0}}], "functionZones_layout": [{"id": 1, "rot": 0, "bound": {"dx": 2100.0, "dy": 1200.0}, "center": {"x": -375.0, "y": 700.0}}, {"id": 3, "rot": 0, "bound": {"dx": 500.0, "dy": 500.0}, "center": {"x": -1175.0, "y": -150.0}}, {"id": 9, "rot": -10000, "points": [[-1425.0, -1950.0], [-1425, -550], [-825, -550], [-825, -1350], [425, -1350], [425, -1950]]}]}
