{"dataId": null, "houseId": null, "roomBound": null, "wallLines": [], "indoorBound": {}, "functionZones": [], "roomType": null, "drRoomType": null, "roomName": null, "walls": [{"index": 1, "thickness": 100, "height": 3000, "points": [{"x": -1875, "y": 2925}, {"x": -125, "y": 3025}, {"x": -125, "y": 2925}, {"x": -1875, "y": 3025}], "normal": {"x": 0, "y": -1, "z": 0}, "nextWallThickness": 200}, {"index": 2, "thickness": 200, "height": 3000, "points": [{"x": -125, "y": 3075}, {"x": 75, "y": 2625}, {"x": -125, "y": 2625}, {"x": 75, "y": 3075}], "normal": {"x": -1, "y": 0, "z": 0}, "nextWallThickness": 200}, {"index": 3, "thickness": 200, "height": 3000, "points": [{"x": -125, "y": 2425}, {"x": 525, "y": 2625}, {"x": 525, "y": 2425}, {"x": -125, "y": 2625}], "normal": {"x": 0, "y": -1, "z": 0}, "nextWallThickness": 100}, {"index": 4, "thickness": 100, "height": 3000, "points": [{"x": 525, "y": 2575}, {"x": 625, "y": 1325}, {"x": 525, "y": 1325}, {"x": 625, "y": 2575}], "normal": {"x": -1, "y": 0, "z": 0}, "nextWallThickness": 100}, {"index": 5, "thickness": 100, "height": 3000, "points": [{"x": 525, "y": 1225}, {"x": 1725, "y": 1325}, {"x": 1725, "y": 1225}, {"x": 525, "y": 1325}], "normal": {"x": 0, "y": -1, "z": 0}, "nextWallThickness": 200}, {"index": 6, "thickness": 200, "height": 3000, "points": [{"x": 1725, "y": 1375}, {"x": 1925, "y": -2875}, {"x": 1725, "y": -2875}, {"x": 1925, "y": 1375}], "normal": {"x": -1, "y": 0, "z": 0}, "nextWallThickness": 200}, {"index": 7, "thickness": 200, "height": 3000, "points": [{"x": -1775, "y": -2875}, {"x": -1775, "y": -3075}, {"x": 1925, "y": -2875}, {"x": 1925, "y": -3075}], "normal": {"x": 0, "y": 1, "z": 0}, "nextWallThickness": 100}, {"index": 8, "thickness": 100, "height": 3000, "points": [{"x": -1875, "y": -3025}, {"x": -1775, "y": 2925}, {"x": -1875, "y": 2925}, {"x": -1775, "y": -3025}], "normal": {"x": 1, "y": 0, "z": 0}, "nextWallThickness": 100}], "windows": [{"index": 7, "scid": null, "width": 2700, "height": 1000, "thickness": 300, "normal": {"x": 0, "y": 1, "z": 0}, "points": [{"x": -1350, "y": -3125}, {"x": -1350, "y": -2825}, {"x": 1350, "y": -2825}, {"x": 1350, "y": -3125}]}], "doors": [{"index": 1, "scid": null, "width": 800, "height": 2400, "thickness": 300, "entrance": false, "normal": {"x": 0, "y": -1, "z": 0}, "points": [{"x": -1025, "y": 2825}, {"x": -1025, "y": 3125}, {"x": -225, "y": 3125}, {"x": -225, "y": 2825}]}, {"index": 5, "scid": null, "width": 900, "height": 2400, "thickness": 300, "entrance": true, "normal": {"x": 0, "y": -1, "z": 0}, "points": [{"x": 725, "y": 1125}, {"x": 725, "y": 1425}, {"x": 1625, "y": 1425}, {"x": 1625, "y": 1125}]}], "roomLocations": [], "functionZones_new": [{"id": "1", "bound": {"dx": 2222.6415094339623, "dy": 2686.206896551724}, "center": {"x": 598.5849056603774, "y": -954.310344827586}}], "functionZones_layout": [{"id": 1, "rot": 0, "bound": {"dx": 2100.0, "dy": 1800.0}, "center": {"x": -725.0, "y": -150.0}}, {"id": 3, "rot": 0, "bound": {"dx": 500.0, "dy": 500.0}, "center": {"x": -1525.0, "y": -1300.0}}, {"id": 3, "rot": 0, "bound": {"dx": 500.0, "dy": 500.0}, "center": {"x": -1525.0, "y": 1000.0}}, {"id": 2, "rot": 270, "bound": {"dx": 700.0, "dy": 600.0}, "center": {"x": -1425.0, "y": 2625.0}}, {"id": 4, "rot": 180, "bound": {"dx": 400.0, "dy": 1500.0}, "center": {"x": 1525.0, "y": -150.0}}]}
{"dataId": null, "houseId": null, "roomBound": null, "wallLines": [], "indoorBound": {}, "functionZones": [], "roomType": null, "drRoomType": null, "roomName": null, "walls": [{"index": 1, "thickness": 100, "height": 3000, "points": [{"x": -1875, "y": 2925}, {"x": -125, "y": 3025}, {"x": -125, "y": 2925}, {"x": -1875, "y": 3025}], "normal": {"x": 0, "y": -1, "z": 0}, "nextWallThickness": 200}, {"index": 2, "thickness": 200, "height": 3000, "points": [{"x": -125, "y": 3075}, {"x": 75, "y": 2625}, {"x": -125, "y": 2625}, {"x": 75, "y": 3075}], "normal": {"x": -1, "y": 0, "z": 0}, "nextWallThickness": 200}, {"index": 3, "thickness": 200, "height": 3000, "points": [{"x": -125, "y": 2425}, {"x": 525, "y": 2625}, {"x": 525, "y": 2425}, {"x": -125, "y": 2625}], "normal": {"x": 0, "y": -1, "z": 0}, "nextWallThickness": 100}, {"index": 4, "thickness": 100, "height": 3000, "points": [{"x": 525, "y": 2575}, {"x": 625, "y": 1325}, {"x": 525, "y": 1325}, {"x": 625, "y": 2575}], "normal": {"x": -1, "y": 0, "z": 0}, "nextWallThickness": 100}, {"index": 5, "thickness": 100, "height": 3000, "points": [{"x": 525, "y": 1225}, {"x": 1725, "y": 1325}, {"x": 1725, "y": 1225}, {"x": 525, "y": 1325}], "normal": {"x": 0, "y": -1, "z": 0}, "nextWallThickness": 200}, {"index": 6, "thickness": 200, "height": 3000, "points": [{"x": 1725, "y": 1375}, {"x": 1925, "y": -2875}, {"x": 1725, "y": -2875}, {"x": 1925, "y": 1375}], "normal": {"x": -1, "y": 0, "z": 0}, "nextWallThickness": 200}, {"index": 7, "thickness": 200, "height": 3000, "points": [{"x": -1775, "y": -2875}, {"x": -1775, "y": -3075}, {"x": 1925, "y": -2875}, {"x": 1925, "y": -3075}], "normal": {"x": 0, "y": 1, "z": 0}, "nextWallThickness": 100}, {"index": 8, "thickness": 100, "height": 3000, "points": [{"x": -1875, "y": -3025}, {"x": -1775, "y": 2925}, {"x": -1875, "y": 2925}, {"x": -1775, "y": -3025}], "normal": {"x": 1, "y": 0, "z": 0}, "nextWallThickness": 100}], "windows": [{"index": 7, "scid": null, "width": 2700, "height": 1000, "thickness": 300, "normal": {"x": 0, "y": 1, "z": 0}, "points": [{"x": -1350, "y": -3125}, {"x": -1350, "y": -2825}, {"x": 1350, "y": -2825}, {"x": 1350, "y": -3125}]}], "doors": [{"index": 1, "scid": null, "width": 800, "height": 2400, "thickness": 300, "entrance": false, "normal": {"x": 0, "y": -1, "z": 0}, "points": [{"x": -1025, "y": 2825}, {"x": -1025, "y": 3125}, {"x": -225, "y": 3125}, {"x": -225, "y": 2825}]}, {"index": 5, "scid": null, "width": 900, "height": 2400, "thickness": 300, "entrance": true, "normal": {"x": 0, "y": -1, "z": 0}, "points": [{"x": 725, "y": 1125}, {"x": 725, "y": 1425}, {"x": 1625, "y": 1425}, {"x": 1625, "y": 1125}]}], "roomLocations": [], "functionZones_new": [{"id": "1", "bound": {"dx": 2222.6415094339623, "dy": 2686.206896551724}, "center": {"x": 598.5849056603774, "y": -954.310344827586}}], "functionZones_layout": [{"id": 1, "rot": 0, "bound": {"dx": 2100.0, "dy": 1800.0}, "center": {"x": -725.0, "y": 125.0}}, {"id": 3, "rot": 0, "bound": {"dx": 500.0, "dy": 500.0}, "center": {"x": -1525.0, "y": -1025.0}}, {"id": 3, "rot": 0, "bound": {"dx": 500.0, "dy": 500.0}, "center": {"x": -1525.0, "y": 1275.0}}, {"id": 9, "rot": -10000, "points": [[-1775.0, 2925.0], [-1775, 1525], [325, 1525], [325, 2125], [-1175, 2125], [-1175, 2925]]}, {"id": 4, "rot": 180, "bound": {"dx": 400.0, "dy": 1500.0}, "center": {"x": 1525.0, "y": 125.0}}]}
