{"dataId": null, "houseId": null, "roomBound": null, "wallLines": [], "indoorBound": {}, "functionZones": [], "roomType": null, "drRoomType": null, "roomName": null, "walls": [{"index": 1, "thickness": 200, "height": 3000, "points": [{"x": -1575, "y": 1900}, {"x": 1425, "y": 2100}, {"x": 1425, "y": 1900}, {"x": -1575, "y": 2100}], "normal": {"x": 0, "y": -1, "z": 0}, "nextWallThickness": 100}, {"index": 2, "thickness": 100, "height": 3000, "points": [{"x": 1425, "y": 2050}, {"x": 1525, "y": -1950}, {"x": 1425, "y": -1950}, {"x": 1525, "y": 2050}], "normal": {"x": -1, "y": 0, "z": 0}, "nextWallThickness": 100}, {"index": 3, "thickness": 100, "height": 3000, "points": [{"x": -1375, "y": -1950}, {"x": -1375, "y": -2050}, {"x": 1525, "y": -1950}, {"x": 1525, "y": -2050}], "normal": {"x": 0, "y": 1, "z": 0}, "nextWallThickness": 200}, {"index": 4, "thickness": 200, "height": 3000, "points": [{"x": -1575, "y": -2100}, {"x": -1375, "y": 1900}, {"x": -1575, "y": 1900}, {"x": -1375, "y": -2100}], "normal": {"x": 1, "y": 0, "z": 0}, "nextWallThickness": 200}], "windows": [{"index": 1, "scid": null, "width": 2100, "height": 1000, "thickness": 300, "normal": {"x": 0, "y": -1, "z": 0}, "points": [{"x": -1075, "y": 1850}, {"x": -1075, "y": 2150}, {"x": 1025, "y": 2150}, {"x": 1025, "y": 1850}]}], "doors": [{"index": 2, "scid": null, "width": 900, "height": 2400, "thickness": 300, "entrance": true, "normal": {"x": -1, "y": 0, "z": 0}, "points": [{"x": 1325, "y": -1800}, {"x": 1325, "y": -900}, {"x": 1625, "y": -900}, {"x": 1625, "y": -1800}]}], "roomLocations": [], "functionZones_new": [{"id": "1", "bound": {"dx": 2489.3939393939395, "dy": 1145.4545454545455}, "center": {"x": -1.5151515151515014, "y": -286.3636363636365}}], "functionZones_layout": [{"id": 1, "rot": 0, "bound": {"dx": 2100.0, "dy": 1200.0}, "center": {"x": -325.0, "y": 700.0}}, {"id": 3, "rot": 0, "bound": {"dx": 500.0, "dy": 500.0}, "center": {"x": -1125.0, "y": -150.0}}, {"id": 9, "rot": -10000, "points": [[-1375.0, -1950.0], [-1375, -550], [-775, -550], [-775, -1350], [125, -1350], [125, -1950]]}]}
