{"dataId": null, "houseId": null, "roomBound": null, "wallLines": [], "indoorBound": {}, "functionZones": [], "roomType": null, "drRoomType": null, "roomName": null, "walls": [{"index": 1, "thickness": 100, "height": 3000, "points": [{"x": -1575, "y": 2025}, {"x": 1425, "y": 2125}, {"x": 1425, "y": 2025}, {"x": -1575, "y": 2125}], "normal": {"x": 0, "y": -1, "z": 0}, "nextWallThickness": 200}, {"index": 2, "thickness": 200, "height": 3000, "points": [{"x": 1425, "y": 2175}, {"x": 1625, "y": -1975}, {"x": 1425, "y": -1975}, {"x": 1625, "y": 2175}], "normal": {"x": -1, "y": 0, "z": 0}, "nextWallThickness": 200}, {"index": 3, "thickness": 200, "height": 3000, "points": [{"x": -1425, "y": -1975}, {"x": -1425, "y": -2175}, {"x": 1625, "y": -1975}, {"x": 1625, "y": -2175}], "normal": {"x": 0, "y": 1, "z": 0}, "nextWallThickness": 200}, {"index": 4, "thickness": 200, "height": 3000, "points": [{"x": -1625, "y": -2175}, {"x": -1425, "y": 2025}, {"x": -1625, "y": 2025}, {"x": -1425, "y": -2175}], "normal": {"x": 1, "y": 0, "z": 0}, "nextWallThickness": 100}], "windows": [{"index": 3, "scid": null, "width": 1800, "height": 1000, "thickness": 300, "normal": {"x": 0, "y": 1, "z": 0}, "points": [{"x": -875, "y": -2225}, {"x": -875, "y": -1925}, {"x": 925, "y": -1925}, {"x": 925, "y": -2225}]}], "doors": [{"index": 1, "scid": null, "width": 900, "height": 2400, "thickness": 300, "entrance": true, "normal": {"x": 0, "y": -1, "z": 0}, "points": [{"x": -1425, "y": 1925}, {"x": -1425, "y": 2225}, {"x": -525, "y": 2225}, {"x": -525, "y": 1925}]}], "roomLocations": [], "functionZones_new": [{"id": "1", "bound": {"dx": 2750.0, "dy": 2750.0}, "center": {"x": 0.0, "y": -300.0}}], "functionZones_layout": [{"id": 1, "rot": 180, "bound": {"dx": 2100.0, "dy": 1800.0}, "center": {"x": 375.0, "y": -775.0}}, {"id": 3, "rot": 180, "bound": {"dx": 500.0, "dy": 500.0}, "center": {"x": 1175.0, "y": 375.0}}, {"id": 9, "rot": -10000, "points": [[1425.0, 2025.0], [1425, 625], [825, 625], [825, 1425], [-475, 1425], [-475, 2025]]}]}
