{"dataId": null, "houseId": null, "roomBound": null, "wallLines": [], "indoorBound": {}, "functionZones": [], "roomType": null, "drRoomType": null, "roomName": null, "walls": [{"index": 1, "thickness": 100, "height": 3000, "points": [{"x": -1475, "y": 2025}, {"x": 1375, "y": 2125}, {"x": 1375, "y": 2025}, {"x": -1475, "y": 2125}], "normal": {"x": 0, "y": -1, "z": 0}, "nextWallThickness": 100}, {"index": 2, "thickness": 100, "height": 3000, "points": [{"x": 1375, "y": 2125}, {"x": 1475, "y": -1975}, {"x": 1375, "y": -1975}, {"x": 1475, "y": 2125}], "normal": {"x": -1, "y": 0, "z": 0}, "nextWallThickness": 200}, {"index": 3, "thickness": 200, "height": 3000, "points": [{"x": -1325, "y": -1975}, {"x": -1325, "y": -2175}, {"x": 1525, "y": -1975}, {"x": 1525, "y": -2175}], "normal": {"x": 0, "y": 1, "z": 0}, "nextWallThickness": 200}, {"index": 4, "thickness": 200, "height": 3000, "points": [{"x": -1525, "y": -2175}, {"x": -1325, "y": 2025}, {"x": -1525, "y": 2025}, {"x": -1325, "y": -2175}], "normal": {"x": 1, "y": 0, "z": 0}, "nextWallThickness": 100}], "windows": [{"index": 3, "scid": null, "width": 1500, "height": 1000, "thickness": 300, "normal": {"x": 0, "y": 1, "z": 0}, "points": [{"x": -725, "y": -2225}, {"x": -725, "y": -1925}, {"x": 775, "y": -1925}, {"x": 775, "y": -2225}]}], "doors": [{"index": 1, "scid": null, "width": 900, "height": 2400, "thickness": 300, "entrance": true, "normal": {"x": 0, "y": -1, "z": 0}, "points": [{"x": -1225, "y": 1925}, {"x": -1225, "y": 2225}, {"x": -325, "y": 2225}, {"x": -325, "y": 1925}]}], "roomLocations": [], "functionZones_new": [{"id": "1", "bound": {"dx": 1423.3333333333335, "dy": 2026.4367816091954}, "center": {"x": -559.1666666666666, "y": 320.977011494253}}], "functionZones_layout": [{"id": 1, "rot": 180, "bound": {"dx": 2100.0, "dy": 1500.0}, "center": {"x": 325.0, "y": -675.0}}, {"id": 3, "rot": 180, "bound": {"dx": 500.0, "dy": 500.0}, "center": {"x": 1125.0, "y": 325.0}}, {"id": 9, "rot": -10000, "points": [[1375.0, 2025.0], [1375, 625], [775, 625], [775, 1425], [-275, 1425], [-275, 2025]]}]}
