{"dataId": null, "houseId": null, "roomBound": null, "wallLines": [], "indoorBound": {}, "functionZones": [], "roomType": null, "drRoomType": null, "roomName": null, "walls": [{"index": 1, "thickness": 200, "height": 3000, "points": [{"x": -1775, "y": 1250}, {"x": 225, "y": 1450}, {"x": 225, "y": 1250}, {"x": -1775, "y": 1450}], "normal": {"x": 0, "y": -1, "z": 0}, "previousWallThickness": 200, "nextWallThickness": 100}, {"index": 2, "thickness": 100, "height": 3000, "points": [{"x": 225, "y": 1250}, {"x": 325, "y": 2450}, {"x": 225, "y": 2450}, {"x": 325, "y": 1250}], "normal": {"x": 1, "y": 0, "z": 0}, "previousWallThickness": 200, "nextWallThickness": 200}, {"index": 3, "thickness": 200, "height": 3000, "points": [{"x": 225, "y": 2450}, {"x": 1575, "y": 2650}, {"x": 1575, "y": 2450}, {"x": 225, "y": 2650}], "normal": {"x": 0, "y": -1, "z": 0}, "previousWallThickness": 100, "nextWallThickness": 200}, {"index": 4, "thickness": 200, "height": 3000, "points": [{"x": 1575, "y": 2650}, {"x": 1775, "y": -2450}, {"x": 1575, "y": -2450}, {"x": 1775, "y": 2650}], "normal": {"x": -1, "y": 0, "z": 0}, "previousWallThickness": 200, "nextWallThickness": 200}, {"index": 5, "thickness": 200, "height": 3000, "points": [{"x": -1575, "y": -2450}, {"x": -1575, "y": -2650}, {"x": 1775, "y": -2450}, {"x": 1775, "y": -2650}], "normal": {"x": 0, "y": 1, "z": 0}, "previousWallThickness": 200, "nextWallThickness": 200}, {"index": 6, "thickness": 200, "height": 3000, "points": [{"x": -1775, "y": -2650}, {"x": -1575, "y": 1250}, {"x": -1775, "y": 1250}, {"x": -1575, "y": -2650}], "normal": {"x": 1, "y": 0, "z": 0}, "previousWallThickness": 200, "nextWallThickness": 200}], "windows": [{"index": 5, "scid": null, "width": 2100, "height": 1000, "thickness": 300, "normal": {"x": 0, "y": 1, "z": 0}, "points": [{"x": -975, "y": -2700}, {"x": -975, "y": -2400}, {"x": 1125, "y": -2400}, {"x": 1125, "y": -2700}]}], "doors": [{"index": 3, "scid": null, "width": 900, "height": 2400, "thickness": 300, "entrance": "ture", "normal": {"x": 0, "y": -1, "z": 0}, "points": [{"x": 625, "y": 2400}, {"x": 625, "y": 2700}, {"x": 1525, "y": 2700}, {"x": 1525, "y": 2400}]}], "roomLocations": [], "functionZones_new": [{"id": "1", "bound": {"dx": 3121.5517241379307, "dy": 2802.2988505747126}, "center": {"x": 30.603448275862092, "y": -883.3333333333333}}], "functionZones_layout": [{"id": 1, "rot": 0, "bound": {"dx": 2100.0, "dy": 1200.0}, "center": {"x": -525.0, "y": -1350.0}}, {"id": 3, "rot": 0, "bound": {"dx": 500.0, "dy": 500.0}, "center": {"x": -1325.0, "y": -500.0}}, {"id": 9, "rot": -10000, "points": [[-1575.0, 1250.0], [-1575, -150], [-975, -150], [-975, 650], [225, 650], [225, 1250]]}]}
