{"dataId": null, "houseId": null, "roomBound": null, "wallLines": [], "indoorBound": {}, "functionZones": [], "roomType": null, "drRoomType": null, "roomName": null, "walls": [{"index": 1, "thickness": 200, "height": 3000, "points": [{"x": -1900, "y": 2100}, {"x": 1700, "y": 2300}, {"x": 1700, "y": 2100}, {"x": -1900, "y": 2300}], "normal": {"x": 0, "y": -1, "z": 0}, "nextWallThickness": 200}, {"index": 2, "thickness": 200, "height": 3000, "points": [{"x": 1700, "y": 2300}, {"x": 1900, "y": -2100}, {"x": 1700, "y": -2100}, {"x": 1900, "y": 2300}], "normal": {"x": -1, "y": 0, "z": 0}, "nextWallThickness": 200}, {"index": 3, "thickness": 200, "height": 3000, "points": [{"x": -1700, "y": -2100}, {"x": -1700, "y": -2300}, {"x": 1900, "y": -2100}, {"x": 1900, "y": -2300}], "normal": {"x": 0, "y": 1, "z": 0}, "nextWallThickness": 200}, {"index": 4, "thickness": 200, "height": 3000, "points": [{"x": -1900, "y": -2300}, {"x": -1700, "y": 2100}, {"x": -1900, "y": 2100}, {"x": -1700, "y": -2300}], "normal": {"x": 1, "y": 0, "z": 0}, "nextWallThickness": 200}], "windows": [{"index": 3, "scid": null, "width": 2100, "height": 1000, "thickness": 300, "normal": {"x": 0, "y": 1, "z": 0}, "points": [{"x": -1050, "y": -2350}, {"x": -1050, "y": -2050}, {"x": 1050, "y": -2050}, {"x": 1050, "y": -2350}]}], "doors": [{"index": 2, "scid": null, "width": 900, "height": 2400, "thickness": 300, "entrance": true, "normal": {"x": -1, "y": 0, "z": 0}, "points": [{"x": 1650, "y": 700}, {"x": 1650, "y": 1600}, {"x": 1950, "y": 1600}, {"x": 1950, "y": 700}]}], "roomLocations": [], "functionZones_new": [{"id": "1", "bound": {"dx": 3331.5068493150684, "dy": 2379.3103448275865}, "center": {"x": -26.02739726027403, "y": -317.24137931034466}}], "functionZones_layout": [{"id": 1, "rot": 0, "bound": {"dx": 2100.0, "dy": 1200.0}, "center": {"x": -650.0, "y": -400.0}}, {"id": 3, "rot": 0, "bound": {"dx": 500.0, "dy": 500.0}, "center": {"x": -1450.0, "y": -1250.0}}, {"id": 3, "rot": 0, "bound": {"dx": 500.0, "dy": 500.0}, "center": {"x": -1450.0, "y": 450.0}}, {"id": 9, "rot": -10000, "points": [[-1700.0, 2100.0], [-1700, 700], [-1100, 700], [-1100, 1500], [700, 1500], [700, 2100]]}]}
