{"dataId": null, "houseId": null, "roomBound": null, "wallLines": [], "indoorBound": {}, "functionZones": [], "roomType": null, "drRoomType": null, "roomName": null, "walls": [{"index": 1, "thickness": 200, "height": 3000, "points": [{"x": -1750, "y": 2050}, {"x": 350, "y": 2250}, {"x": 350, "y": 2050}, {"x": -1750, "y": 2250}], "normal": {"x": 0, "y": -1, "z": 0}, "nextWallThickness": 100}, {"index": 2, "thickness": 100, "height": 3000, "points": [{"x": 350, "y": 2200}, {"x": 450, "y": 1550}, {"x": 350, "y": 1550}, {"x": 450, "y": 2200}], "normal": {"x": -1, "y": 0, "z": 0}, "nextWallThickness": 100}, {"index": 3, "thickness": 100, "height": 3000, "points": [{"x": 350, "y": 1450}, {"x": 1550, "y": 1550}, {"x": 1550, "y": 1450}, {"x": 350, "y": 1550}], "normal": {"x": 0, "y": -1, "z": 0}, "nextWallThickness": 200}, {"index": 4, "thickness": 200, "height": 3000, "points": [{"x": 1550, "y": 1600}, {"x": 1750, "y": -2050}, {"x": 1550, "y": -2050}, {"x": 1750, "y": 1600}], "normal": {"x": -1, "y": 0, "z": 0}, "nextWallThickness": 200}, {"index": 5, "thickness": 200, "height": 3000, "points": [{"x": -1550, "y": -2050}, {"x": -1550, "y": -2250}, {"x": 1750, "y": -2050}, {"x": 1750, "y": -2250}], "normal": {"x": 0, "y": 1, "z": 0}, "nextWallThickness": 200}, {"index": 6, "thickness": 200, "height": 3000, "points": [{"x": -1750, "y": -2250}, {"x": -1550, "y": 2050}, {"x": -1750, "y": 2050}, {"x": -1550, "y": -2250}], "normal": {"x": 1, "y": 0, "z": 0}, "nextWallThickness": 200}], "windows": [{"index": 5, "scid": null, "width": 1800, "height": 1000, "thickness": 300, "normal": {"x": 0, "y": 1, "z": 0}, "points": [{"x": -900, "y": -2300}, {"x": -900, "y": -2000}, {"x": 900, "y": -2000}, {"x": 900, "y": -2300}]}], "doors": [{"index": 3, "scid": null, "width": 900, "height": 2400, "thickness": 300, "entrance": true, "normal": {"x": 0, "y": -1, "z": 0}, "points": [{"x": 575, "y": 1350}, {"x": 575, "y": 1650}, {"x": 1475, "y": 1650}, {"x": 1475, "y": 1350}]}], "roomLocations": [], "functionZones_new": [{"id": "1", "bound": {"dx": 2676.470588235294, "dy": 2431.034482758621}, "center": {"x": -205.88235294117658, "y": -310.34482758620675}}], "functionZones_layout": [{"id": 1, "rot": 0, "bound": {"dx": 2100.0, "dy": 1500.0}, "center": {"x": -500.0, "y": -750.0}}, {"id": 3, "rot": 0, "bound": {"dx": 500.0, "dy": 500.0}, "center": {"x": -1300.0, "y": 250.0}}, {"id": 9, "rot": -10000, "points": [[-1550.0, 2050.0], [-1550, 650], [-950, 650], [-950, 1450], [350, 1450], [350, 2050]]}, {"id": 4, "rot": 180, "bound": {"dx": 400.0, "dy": 1500.0}, "center": {"x": 1350.0, "y": -750.0}}]}
