{"dataId": null, "houseId": null, "roomBound": null, "wallLines": [], "indoorBound": {}, "functionZones": [], "roomType": null, "drRoomType": null, "roomName": null, "walls": [{"index": 1, "thickness": 200, "height": 3000, "points": [{"x": -1925, "y": 2050}, {"x": 175, "y": 2250}, {"x": 175, "y": 2050}, {"x": -1925, "y": 2250}], "normal": {"x": 0, "y": -1, "z": 0}, "nextWallThickness": 100}, {"index": 2, "thickness": 100, "height": 3000, "points": [{"x": 175, "y": 2200}, {"x": 275, "y": 1550}, {"x": 175, "y": 1550}, {"x": 275, "y": 2200}], "normal": {"x": -1, "y": 0, "z": 0}, "nextWallThickness": 100}, {"index": 3, "thickness": 100, "height": 3000, "points": [{"x": 175, "y": 1450}, {"x": 1725, "y": 1550}, {"x": 1725, "y": 1450}, {"x": 175, "y": 1550}], "normal": {"x": 0, "y": -1, "z": 0}, "nextWallThickness": 200}, {"index": 4, "thickness": 200, "height": 3000, "points": [{"x": 1725, "y": 1600}, {"x": 1925, "y": -2050}, {"x": 1725, "y": -2050}, {"x": 1925, "y": 1600}], "normal": {"x": -1, "y": 0, "z": 0}, "nextWallThickness": 200}, {"index": 5, "thickness": 200, "height": 3000, "points": [{"x": -1725, "y": -2050}, {"x": -1725, "y": -2250}, {"x": 1925, "y": -2050}, {"x": 1925, "y": -2250}], "normal": {"x": 0, "y": 1, "z": 0}, "nextWallThickness": 200}, {"index": 6, "thickness": 200, "height": 3000, "points": [{"x": -1925, "y": -2250}, {"x": -1725, "y": 2050}, {"x": -1925, "y": 2050}, {"x": -1725, "y": -2250}], "normal": {"x": 1, "y": 0, "z": 0}, "nextWallThickness": 200}], "windows": [{"index": 5, "scid": null, "width": 1800, "height": 1000, "thickness": 300, "normal": {"x": 0, "y": 1, "z": 0}, "points": [{"x": -900, "y": -2300}, {"x": -900, "y": -2000}, {"x": 900, "y": -2000}, {"x": 900, "y": -2300}]}], "doors": [{"index": 3, "scid": null, "width": 1250, "height": 2400, "thickness": 300, "entrance": true, "normal": {"x": 0, "y": -1, "z": 0}, "points": [{"x": 575, "y": 1350}, {"x": 575, "y": 1650}, {"x": 1825, "y": 1650}, {"x": 1825, "y": 1350}]}], "roomLocations": [], "functionZones_new": [{"id": "1", "bound": {"dx": 3433.7837837837837, "dy": 2275.862068965517}, "center": {"x": 0.0, "y": -387.9310344827586}}], "functionZones_layout": [{"id": 1, "rot": 0, "bound": {"dx": 2100.0, "dy": 1200.0}, "center": {"x": -675.0, "y": -450.0}}, {"id": 3, "rot": 0, "bound": {"dx": 500.0, "dy": 500.0}, "center": {"x": -1475.0, "y": -1300.0}}, {"id": 3, "rot": 0, "bound": {"dx": 500.0, "dy": 500.0}, "center": {"x": -1475.0, "y": 400.0}}, {"id": 9, "rot": -10000, "points": [[-1725.0, 2050.0], [-1725, 650], [-1125, 650], [-1125, 1450], [175, 1450], [175, 2050]]}]}
