{"dataId": null, "houseId": null, "roomBound": null, "wallLines": [], "indoorBound": {}, "functionZones": [], "roomType": null, "drRoomType": null, "roomName": null, "walls": [{"index": 1, "thickness": 100, "height": 3000, "points": [{"x": -1750, "y": 2025}, {"x": 1600, "y": 2125}, {"x": 1600, "y": 2025}, {"x": -1750, "y": 2125}], "normal": {"x": 0, "y": -1, "z": 0}, "nextWallThickness": 200}, {"index": 2, "thickness": 200, "height": 3000, "points": [{"x": 1600, "y": 2175}, {"x": 1800, "y": -1975}, {"x": 1600, "y": -1975}, {"x": 1800, "y": 2175}], "normal": {"x": -1, "y": 0, "z": 0}, "nextWallThickness": 200}, {"index": 3, "thickness": 200, "height": 3000, "points": [{"x": -600, "y": -1975}, {"x": -600, "y": -2175}, {"x": 1800, "y": -1975}, {"x": 1800, "y": -2175}], "normal": {"x": 0, "y": 1, "z": 0}, "nextWallThickness": 200}, {"index": 4, "thickness": 200, "height": 3000, "points": [{"x": -800, "y": -2175}, {"x": -600, "y": -1575}, {"x": -800, "y": -1575}, {"x": -600, "y": -2175}], "normal": {"x": 1, "y": 0, "z": 0}, "nextWallThickness": 200}, {"index": 5, "thickness": 200, "height": 3000, "points": [{"x": -1600, "y": -1375}, {"x": -1600, "y": -1575}, {"x": -600, "y": -1375}, {"x": -600, "y": -1575}], "normal": {"x": 0, "y": 1, "z": 0}, "nextWallThickness": 200}, {"index": 6, "thickness": 200, "height": 3000, "points": [{"x": -1800, "y": -1575}, {"x": -1600, "y": 2025}, {"x": -1800, "y": 2025}, {"x": -1600, "y": -1575}], "normal": {"x": 1, "y": 0, "z": 0}, "nextWallThickness": 100}], "windows": [{"index": 3, "scid": null, "width": 1800, "height": 1000, "thickness": 300, "normal": {"x": 0, "y": 1, "z": 0}, "points": [{"x": -250, "y": -2225}, {"x": -250, "y": -1925}, {"x": 1550, "y": -1925}, {"x": 1550, "y": -2225}]}], "doors": [{"index": 6, "scid": null, "width": 900, "height": 2400, "thickness": 300, "entrance": true, "normal": {"x": 1, "y": 0, "z": 0}, "points": [{"x": -1850, "y": 1025}, {"x": -1850, "y": 1925}, {"x": -1550, "y": 1925}, {"x": -1550, "y": 1025}]}], "roomLocations": [], "functionZones_new": [{"id": "1", "bound": {"dx": 2367.123287671233, "dy": 2500.0}, "center": {"x": 369.86301369862986, "y": 75.0}}], "functionZones_layout": [{"id": 1, "rot": 180, "bound": {"dx": 2100.0, "dy": 1500.0}, "center": {"x": 550.0, "y": -700.0}}, {"id": 3, "rot": 180, "bound": {"dx": 500.0, "dy": 500.0}, "center": {"x": 1350.0, "y": 300.0}}, {"id": 9, "rot": -10000, "points": [[1600.0, 2025.0], [1600, 625], [1000, 625], [1000, 1425], [100, 1425], [100, 2025]]}]}
