{"dataId": null, "houseId": null, "roomBound": null, "wallLines": [], "indoorBound": {}, "functionZones": [], "roomType": null, "drRoomType": null, "roomName": null, "walls": [{"index": 1, "thickness": 100, "height": 3000, "points": [{"x": -1700, "y": 1525}, {"x": 300, "y": 1625}, {"x": 300, "y": 1525}, {"x": -1700, "y": 1625}], "normal": {"x": 0, "y": -1, "z": 0}, "nextWallThickness": 100}, {"index": 2, "thickness": 100, "height": 3000, "points": [{"x": 300, "y": 1525}, {"x": 400, "y": 2125}, {"x": 300, "y": 2125}, {"x": 400, "y": 1525}], "normal": {"x": 1, "y": 0, "z": 0}, "nextWallThickness": 100}, {"index": 3, "thickness": 100, "height": 3000, "points": [{"x": 300, "y": 2125}, {"x": 1550, "y": 2225}, {"x": 1550, "y": 2125}, {"x": 300, "y": 2225}], "normal": {"x": 0, "y": -1, "z": 0}, "nextWallThickness": 200}, {"index": 4, "thickness": 200, "height": 3000, "points": [{"x": 1550, "y": 2275}, {"x": 1750, "y": -1475}, {"x": 1550, "y": -1475}, {"x": 1750, "y": 2275}], "normal": {"x": -1, "y": 0, "z": 0}, "nextWallThickness": 200}, {"index": 5, "thickness": 200, "height": 3000, "points": [{"x": 1000, "y": -1475}, {"x": 1000, "y": -1675}, {"x": 1750, "y": -1475}, {"x": 1750, "y": -1675}], "normal": {"x": 0, "y": 1, "z": 0}, "nextWallThickness": 200}, {"index": 6, "thickness": 200, "height": 3000, "points": [{"x": 800, "y": -1475}, {"x": 1000, "y": -2075}, {"x": 800, "y": -2075}, {"x": 1000, "y": -1475}], "normal": {"x": -1, "y": 0, "z": 0}, "nextWallThickness": 200}, {"index": 7, "thickness": 200, "height": 3000, "points": [{"x": -1600, "y": -2075}, {"x": -1600, "y": -2275}, {"x": 1000, "y": -2075}, {"x": 1000, "y": -2275}], "normal": {"x": 0, "y": 1, "z": 0}, "nextWallThickness": 100}, {"index": 8, "thickness": 100, "height": 3000, "points": [{"x": -1700, "y": -2225}, {"x": -1600, "y": 1525}, {"x": -1700, "y": 1525}, {"x": -1600, "y": -2225}], "normal": {"x": 1, "y": 0, "z": 0}, "nextWallThickness": 100}], "windows": [{"index": 7, "scid": null, "width": 1800, "height": 1000, "thickness": 300, "normal": {"x": 0, "y": 1, "z": 0}, "points": [{"x": -1300, "y": -2325}, {"x": -1300, "y": -2025}, {"x": 500, "y": -2025}, {"x": 500, "y": -2325}]}], "doors": [{"index": 1, "scid": null, "width": 900, "height": 2400, "thickness": 300, "entrance": true, "normal": {"x": 0, "y": -1, "z": 0}, "points": [{"x": -1500, "y": 1425}, {"x": -1500, "y": 1725}, {"x": -600, "y": 1725}, {"x": -600, "y": 1425}]}], "roomLocations": [], "functionZones_new": [{"id": "1", "bound": {"dx": 1986.3636363636365, "dy": 2378.409090909091}, "center": {"x": 495.4545454545455, "y": -465.34090909090924}}], "functionZones_layout": [{"id": 1, "rot": 180, "bound": {"dx": 2100.0, "dy": 1200.0}, "center": {"x": 500.0, "y": -400.0}}, {"id": 3, "rot": 180, "bound": {"dx": 500.0, "dy": 500.0}, "center": {"x": 1300.0, "y": 450.0}}, {"id": 9, "rot": -10000, "points": [[1550.0, 2125.0], [1550, 725], [950, 725], [950, 1525], [400, 1525], [400, 2125]]}]}
