{"dataId": null, "houseId": null, "roomBound": null, "wallLines": [], "indoorBound": {}, "functionZones": [], "roomType": null, "drRoomType": null, "roomName": null, "walls": [{"index": 1, "thickness": 200, "height": 3000, "points": [{"x": -1800, "y": 2225}, {"x": 1600, "y": 2425}, {"x": 1600, "y": 2225}, {"x": -1800, "y": 2425}], "normal": {"x": 0, "y": -1, "z": 0}, "nextWallThickness": 200}, {"index": 2, "thickness": 200, "height": 3000, "points": [{"x": 1600, "y": 2425}, {"x": 1800, "y": -2225}, {"x": 1600, "y": -2225}, {"x": 1800, "y": 2425}], "normal": {"x": -1, "y": 0, "z": 0}, "nextWallThickness": 200}, {"index": 3, "thickness": 200, "height": 3000, "points": [{"x": -1600, "y": -2225}, {"x": -1600, "y": -2425}, {"x": 1800, "y": -2225}, {"x": 1800, "y": -2425}], "normal": {"x": 0, "y": 1, "z": 0}, "nextWallThickness": 200}, {"index": 4, "thickness": 200, "height": 3000, "points": [{"x": -1800, "y": -2425}, {"x": -1600, "y": 2225}, {"x": -1800, "y": 2225}, {"x": -1600, "y": -2425}], "normal": {"x": 1, "y": 0, "z": 0}, "nextWallThickness": 200}], "windows": [{"index": 3, "scid": null, "width": 2400, "height": 1000, "thickness": 300, "normal": {"x": 0, "y": 1, "z": 0}, "points": [{"x": -1600, "y": -2475}, {"x": -1600, "y": -2175}, {"x": 800, "y": -2175}, {"x": 800, "y": -2475}]}], "doors": [{"index": 1, "scid": null, "width": 800, "height": 2400, "thickness": 300, "entrance": false, "normal": {"x": 0, "y": -1, "z": 0}, "points": [{"x": -900, "y": 2175}, {"x": -900, "y": 2475}, {"x": -100, "y": 2475}, {"x": -100, "y": 2175}]}, {"index": 2, "scid": null, "width": 900, "height": 2400, "thickness": 300, "entrance": "ture", "normal": {"x": -1, "y": 0, "z": 0}, "points": [{"x": 1550, "y": 675}, {"x": 1550, "y": 1575}, {"x": 1850, "y": 1575}, {"x": 1850, "y": 675}]}], "roomLocations": [], "functionZones_new": [{"id": "1", "bound": {"dx": 3101.538461538462, "dy": 3177.5862068965516}, "center": {"x": -27.692307692307622, "y": -445.977011494253}}], "functionZones_layout": [{"id": 1, "rot": 0, "bound": {"dx": 2100.0, "dy": 1800.0}, "center": {"x": -550.0, "y": -150.0}}, {"id": 3, "rot": 0, "bound": {"dx": 500.0, "dy": 500.0}, "center": {"x": -1350.0, "y": -1300.0}}, {"id": 3, "rot": 0, "bound": {"dx": 500.0, "dy": 500.0}, "center": {"x": -1350.0, "y": 1000.0}}, {"id": 4, "rot": 180, "bound": {"dx": 400.0, "dy": 1500.0}, "center": {"x": 1400.0, "y": -150.0}}, {"id": 7, "rot": 0, "bound": {"dx": 600.0, "dy": 1100.0}, "center": {"x": -1300.0, "y": 1675.0}}, {"id": 8, "rot": 180, "bound": {"dx": 600.0, "dy": 1100.0}, "center": {"x": 210.0, "y": 1675.0}}]}
