{"dataId": null, "houseId": null, "roomBound": null, "wallLines": [], "indoorBound": {}, "functionZones": [], "roomType": null, "drRoomType": null, "roomName": null, "walls": [{"index": 1, "thickness": 200, "height": 3000, "points": [{"x": -1675, "y": 2125}, {"x": 1525, "y": 2325}, {"x": 1525, "y": 2125}, {"x": -1675, "y": 2325}], "normal": {"x": 0, "y": -1, "z": 0}, "nextWallThickness": 100}, {"index": 2, "thickness": 100, "height": 3000, "points": [{"x": 1525, "y": 2275}, {"x": 1625, "y": -2125}, {"x": 1525, "y": -2125}, {"x": 1625, "y": 2275}], "normal": {"x": -1, "y": 0, "z": 0}, "nextWallThickness": 200}, {"index": 3, "thickness": 200, "height": 3000, "points": [{"x": -1475, "y": -2125}, {"x": -1475, "y": -2325}, {"x": 1675, "y": -2125}, {"x": 1675, "y": -2325}], "normal": {"x": 0, "y": 1, "z": 0}, "nextWallThickness": 200}, {"index": 4, "thickness": 200, "height": 3000, "points": [{"x": -1675, "y": -2325}, {"x": -1475, "y": 2125}, {"x": -1675, "y": 2125}, {"x": -1475, "y": -2325}], "normal": {"x": 1, "y": 0, "z": 0}, "nextWallThickness": 200}], "windows": [{"index": 3, "scid": null, "width": 2250, "height": 1000, "thickness": 300, "normal": {"x": 0, "y": 1, "z": 0}, "points": [{"x": -1075, "y": -2375}, {"x": -1075, "y": -2075}, {"x": 1175, "y": -2075}, {"x": 1175, "y": -2375}]}], "doors": [{"index": 1, "scid": null, "width": 800, "height": 2400, "thickness": 300, "entrance": false, "normal": {"x": 0, "y": -1, "z": 0}, "points": [{"x": -775, "y": 2075}, {"x": -775, "y": 2375}, {"x": 25, "y": 2375}, {"x": 25, "y": 2075}]}, {"index": 2, "scid": null, "width": 900, "height": 2400, "thickness": 300, "entrance": "ture", "normal": {"x": -1, "y": 0, "z": 0}, "points": [{"x": 1425, "y": 1175}, {"x": 1425, "y": 2075}, {"x": 1725, "y": 2075}, {"x": 1725, "y": 1175}]}], "roomLocations": [], "functionZones_new": [{"id": "1", "bound": {"dx": 2917.7419354838707, "dy": 2244.8275862068967}, "center": {"x": 0.0, "y": -454.31034482758605}}], "functionZones_layout": [{"id": 1, "rot": 0, "bound": {"dx": 2100.0, "dy": 1200.0}, "center": {"x": -425.0, "y": -350.0}}, {"id": 3, "rot": 0, "bound": {"dx": 500.0, "dy": 500.0}, "center": {"x": -1225.0, "y": 500.0}}, {"id": 7, "rot": 0, "bound": {"dx": 600.0, "dy": 1200.0}, "center": {"x": -1175.0, "y": 1525.0}}, {"id": 8, "rot": 180, "bound": {"dx": 600.0, "dy": 1200.0}, "center": {"x": 335.0, "y": 1525.0}}]}
