{"dataId": null, "houseId": null, "roomBound": null, "wallLines": [], "indoorBound": {}, "functionZones": [], "roomType": null, "drRoomType": null, "roomName": null, "walls": [{"index": 1, "thickness": 200, "height": 3000, "points": [{"x": -1850, "y": 3200}, {"x": -600, "y": 3400}, {"x": -600, "y": 3200}, {"x": -1850, "y": 3400}], "normal": {"x": 0, "y": -1, "z": 0}, "nextWallThickness": 100}, {"index": 2, "thickness": 100, "height": 3000, "points": [{"x": -600, "y": 3350}, {"x": -500, "y": 1400}, {"x": -600, "y": 1400}, {"x": -500, "y": 3350}], "normal": {"x": -1, "y": 0, "z": 0}, "nextWallThickness": 100}, {"index": 3, "thickness": 100, "height": 3000, "points": [{"x": -600, "y": 1300}, {"x": 1650, "y": 1400}, {"x": 1650, "y": 1300}, {"x": -600, "y": 1400}], "normal": {"x": 0, "y": -1, "z": 0}, "nextWallThickness": 200}, {"index": 4, "thickness": 200, "height": 3000, "points": [{"x": 1650, "y": 1450}, {"x": 1850, "y": -3200}, {"x": 1650, "y": -3200}, {"x": 1850, "y": 1450}], "normal": {"x": -1, "y": 0, "z": 0}, "nextWallThickness": 200}, {"index": 5, "thickness": 200, "height": 3000, "points": [{"x": -200, "y": -3200}, {"x": -200, "y": -3400}, {"x": 1850, "y": -3200}, {"x": 1850, "y": -3400}], "normal": {"x": 0, "y": 1, "z": 0}, "nextWallThickness": 100}, {"index": 6, "thickness": 100, "height": 3000, "points": [{"x": -300, "y": -3350}, {"x": -200, "y": -2700}, {"x": -300, "y": -2700}, {"x": -200, "y": -3350}], "normal": {"x": 1, "y": 0, "z": 0}, "nextWallThickness": 200}, {"index": 7, "thickness": 200, "height": 3000, "points": [{"x": -1650, "y": -2500}, {"x": -1650, "y": -2700}, {"x": -150, "y": -2500}, {"x": -150, "y": -2700}], "normal": {"x": 0, "y": 1, "z": 0}, "nextWallThickness": 200}, {"index": 8, "thickness": 200, "height": 3000, "points": [{"x": -1850, "y": -2700}, {"x": -1650, "y": 3200}, {"x": -1850, "y": 3200}, {"x": -1650, "y": -2700}], "normal": {"x": 1, "y": 0, "z": 0}, "nextWallThickness": 200}], "windows": [{"index": 5, "scid": null, "width": 1500, "height": 1000, "thickness": 300, "normal": {"x": 0, "y": 1, "z": 0}, "points": [{"x": 0, "y": -3450}, {"x": 0, "y": -3150}, {"x": 1500, "y": -3150}, {"x": 1500, "y": -3450}]}], "doors": [{"index": 2, "scid": null, "width": 800, "height": 2400, "thickness": 300, "entrance": false, "normal": {"x": -1, "y": 0, "z": 0}, "points": [{"x": -700, "y": 1500}, {"x": -700, "y": 2300}, {"x": -400, "y": 2300}, {"x": -400, "y": 1500}]}, {"index": 8, "scid": null, "width": 900, "height": 2400, "thickness": 300, "entrance": "ture", "normal": {"x": 1, "y": 0, "z": 0}, "points": [{"x": -1900, "y": 1600}, {"x": -1900, "y": 2500}, {"x": -1600, "y": 2500}, {"x": -1600, "y": 1600}]}], "roomLocations": [], "functionZones_new": [{"id": "1", "bound": {"dx": 1850.0, "dy": 2970.114942528736}, "center": {"x": 385.4166666666665, "y": -977.0114942528735}}], "functionZones_layout": [{"id": 1, "rot": 180, "bound": {"dx": 2100.0, "dy": 1500.0}, "center": {"x": 600.0, "y": -2050.0}}, {"id": 3, "rot": 180, "bound": {"dx": 500.0, "dy": 500.0}, "center": {"x": 1400.0, "y": -1050.0}}, {"id": 10, "rot": -10000, "points": [[1650.0, 1300.0], [1650, -800], [-450, -800], [-450, -200], [1050, -200], [1050, 700], [-450, 700], [-450, 1300]]}]}
