{"windows": [{"scid": -1, "type": 0, "points": [{"x": 1650.0, "y": 1040.0}, {"x": 1650.0, "y": -160.0}, {"x": 1950.0, "y": -160.0}, {"x": 1950.0, "y": 1040.0}]}], "doors": [{"scid": 13, "type": 0, "points": [{"x": 1500.0, "y": -1300.0}, {"x": 600.0, "y": -1300.0}, {"x": 600.0, "y": -1500.0}, {"x": 1500.0, "y": -1500.0}], "rotateFeatures": [{"start": {"x": 150.0, "y": 0.0}, "end": {"x": 1050.0, "y": 0.0}, "rotate": -1.5707963267948966}], "debugMeta": {"horizontalFlip": false, "verticalFlip": false, "rotate": {"xAxis": 0, "yAxis": 0, "zAxis": 3.141592653589793}}}], "walls": [{"wallPoints": [{"x": -1650, "y": -1500}, {"x": -1650, "y": -1300}, {"x": 1650, "y": -1300}, {"x": 1650, "y": -1500}]}, {"wallPoints": [{"x": -1850, "y": -1300}, {"x": -1850, "y": 1300}, {"x": -1650, "y": 1300}, {"x": -1650, "y": -1300}]}, {"wallPoints": [{"x": -1650, "y": 1300}, {"x": -1650, "y": 1500}, {"x": 1650, "y": 1500}, {"x": 1650, "y": 1300}]}, {"wallPoints": [{"x": 1650, "y": -1300}, {"x": 1650, "y": 1300}, {"x": 1850, "y": 1300}, {"x": 1850, "y": -1300}]}], "functionZones_new": [], "functionZones_layout": [{"bound": {"dx": 2040.4580152671756, "dy": 2600.0}, "center": {"x": -629.7709923664122, "y": 0.0}, "id": 1, "rot": 0}, {"bound": {"dx": 2040.4580152671756, "dy": 600.0}, "center": {"x": -629.7709923664122, "y": 1000.0}, "id": 2, "rot": 270}, {"bound": {"dx": 1259.5419847328244, "dy": 600.0}, "center": {"x": 1020.2290076335878, "y": 1000.0}, "id": 3, "rot": 270}, {"bound": {"dx": 450.0, "dy": 450.0}, "center": {"x": 1020.2290076335878, "y": 475.0}, "id": 4, "rot": 90}]}
{"windows": [{"scid": -1, "type": 0, "points": [{"x": 1650.0, "y": 1040.0}, {"x": 1650.0, "y": -160.0}, {"x": 1950.0, "y": -160.0}, {"x": 1950.0, "y": 1040.0}]}], "doors": [{"scid": 13, "type": 0, "points": [{"x": 1500.0, "y": -1300.0}, {"x": 600.0, "y": -1300.0}, {"x": 600.0, "y": -1500.0}, {"x": 1500.0, "y": -1500.0}], "rotateFeatures": [{"start": {"x": 150.0, "y": 0.0}, "end": {"x": 1050.0, "y": 0.0}, "rotate": -1.5707963267948966}], "debugMeta": {"horizontalFlip": false, "verticalFlip": false, "rotate": {"xAxis": 0, "yAxis": 0, "zAxis": 3.141592653589793}}}], "walls": [{"wallPoints": [{"x": -1650, "y": -1500}, {"x": -1650, "y": -1300}, {"x": 1650, "y": -1300}, {"x": 1650, "y": -1500}]}, {"wallPoints": [{"x": -1850, "y": -1300}, {"x": -1850, "y": 1300}, {"x": -1650, "y": 1300}, {"x": -1650, "y": -1300}]}, {"wallPoints": [{"x": -1650, "y": 1300}, {"x": -1650, "y": 1500}, {"x": 1650, "y": 1500}, {"x": 1650, "y": 1300}]}, {"wallPoints": [{"x": 1650, "y": -1300}, {"x": 1650, "y": 1300}, {"x": 1850, "y": 1300}, {"x": 1850, "y": -1300}]}], "functionZones_new": [], "functionZones_layout": [{"bound": {"dx": 2040.4580152671756, "dy": 2600.0}, "center": {"x": -629.7709923664122, "y": 0.0}, "id": 1, "rot": 0}, {"bound": {"dx": 2040.4580152671756, "dy": 600.0}, "center": {"x": -629.7709923664122, "y": 1000.0}, "id": 2, "rot": 270}, {"bound": {"dx": 1259.5419847328244, "dy": 600.0}, "center": {"x": 1020.2290076335878, "y": 1000.0}, "id": 3, "rot": 270}, {"bound": {"dx": 450.0, "dy": 450.0}, "center": {"x": 1020.2290076335878, "y": 475.0}, "id": 4, "rot": 90}]}
