{"windows": [{"scid": -1, "type": 0, "points": [{"x": 1040.0, "y": 1475.0}, {"x": -460.0, "y": 1475.0}, {"x": -460.0, "y": 1775.0}, {"x": 1040.0, "y": 1775.0}]}], "doors": [{"scid": 13, "type": 0, "points": [{"x": -1300.0, "y": 1325.0}, {"x": -1300.0, "y": 425.0}, {"x": -1500.0, "y": 425.0}, {"x": -1500.0, "y": 1325.0}], "rotateFeatures": [{"start": {"x": 150.0, "y": 0.0}, "end": {"x": 1050.0, "y": 0.0}, "rotate": -1.5707963267948966}], "debugMeta": {"horizontalFlip": false, "verticalFlip": false, "rotate": {"xAxis": 0, "yAxis": 0, "zAxis": 4.71238898038469}}}], "walls": [{"wallPoints": [{"x": -1500, "y": -1475}, {"x": -1500, "y": 1475}, {"x": -1300, "y": 1475}, {"x": -1300, "y": -1475}]}, {"wallPoints": [{"x": -1300, "y": -1675}, {"x": -1300, "y": -1475}, {"x": 1300, "y": -1475}, {"x": 1300, "y": -1675}]}, {"wallPoints": [{"x": 1300, "y": -1475}, {"x": 1300, "y": 1475}, {"x": 1500, "y": 1475}, {"x": 1500, "y": -1475}]}, {"wallPoints": [{"x": -1300, "y": 1475}, {"x": -1300, "y": 1675}, {"x": 1300, "y": 1675}, {"x": 1300, "y": 1475}]}], "functionZones_new": [], "functionZones_layout": [{"bound": {"dx": 2600.0, "dy": 1824.0458015267177}, "center": {"x": 0.0, "y": -562.9770992366412}, "id": 1, "rot": 90}, {"bound": {"dx": 600.0, "dy": 1824.0458015267177}, "center": {"x": 1000.0, "y": -562.9770992366412}, "id": 2, "rot": 180}, {"bound": {"dx": 600.0, "dy": 1125.9541984732823}, "center": {"x": 1000.0, "y": 912.0229007633588}, "id": 3, "rot": 180}, {"bound": {"dx": 450.0, "dy": 450.0}, "center": {"x": 475.0, "y": 912.0229007633588}, "id": 4, "rot": 180}]}
{"windows": [{"scid": -1, "type": 0, "points": [{"x": 1040.0, "y": 1475.0}, {"x": -460.0, "y": 1475.0}, {"x": -460.0, "y": 1775.0}, {"x": 1040.0, "y": 1775.0}]}], "doors": [{"scid": 13, "type": 0, "points": [{"x": -1300.0, "y": 1325.0}, {"x": -1300.0, "y": 425.0}, {"x": -1500.0, "y": 425.0}, {"x": -1500.0, "y": 1325.0}], "rotateFeatures": [{"start": {"x": 150.0, "y": 0.0}, "end": {"x": 1050.0, "y": 0.0}, "rotate": -1.5707963267948966}], "debugMeta": {"horizontalFlip": false, "verticalFlip": false, "rotate": {"xAxis": 0, "yAxis": 0, "zAxis": 4.71238898038469}}}], "walls": [{"wallPoints": [{"x": -1500, "y": -1475}, {"x": -1500, "y": 1475}, {"x": -1300, "y": 1475}, {"x": -1300, "y": -1475}]}, {"wallPoints": [{"x": -1300, "y": -1675}, {"x": -1300, "y": -1475}, {"x": 1300, "y": -1475}, {"x": 1300, "y": -1675}]}, {"wallPoints": [{"x": 1300, "y": -1475}, {"x": 1300, "y": 1475}, {"x": 1500, "y": 1475}, {"x": 1500, "y": -1475}]}, {"wallPoints": [{"x": -1300, "y": 1475}, {"x": -1300, "y": 1675}, {"x": 1300, "y": 1675}, {"x": 1300, "y": 1475}]}], "functionZones_new": [], "functionZones_layout": [{"bound": {"dx": 2600.0, "dy": 1824.0458015267177}, "center": {"x": 0.0, "y": -562.9770992366412}, "id": 1, "rot": 90}, {"bound": {"dx": 600.0, "dy": 1824.0458015267177}, "center": {"x": 1000.0, "y": -562.9770992366412}, "id": 2, "rot": 180}, {"bound": {"dx": 600.0, "dy": 1125.9541984732823}, "center": {"x": 1000.0, "y": 912.0229007633588}, "id": 3, "rot": 180}, {"bound": {"dx": 450.0, "dy": 450.0}, "center": {"x": 475.0, "y": 912.0229007633588}, "id": 4, "rot": 180}]}
