{"windows": [{"scid": -1, "type": 0, "points": [{"x": -1300.0, "y": 1280.0}, {"x": -1300.0, "y": 80.0}, {"x": -1600.0, "y": 80.0}, {"x": -1600.0, "y": 1280.0}]}], "doors": [{"scid": 11, "type": 0, "points": [{"x": -1150.0, "y": -1600.0}, {"x": -250.0, "y": -1600.0}, {"x": -250.0, "y": -1800.0}, {"x": -1150.0, "y": -1800.0}], "rotateFeatures": [{"start": {"x": 150.0, "y": 0.0}, "end": {"x": 1050.0, "y": 0.0}, "rotate": -1.5707963267948966}], "debugMeta": {"horizontalFlip": false, "verticalFlip": false, "rotate": {"xAxis": 0, "yAxis": 0, "zAxis": 0}}}], "walls": [{"wallPoints": [{"x": -1300, "y": -1800}, {"x": -1300, "y": -1600}, {"x": 1300, "y": -1600}, {"x": 1300, "y": -1800}]}, {"wallPoints": [{"x": 1300, "y": -1600}, {"x": 1300, "y": 1600}, {"x": 1500, "y": 1600}, {"x": 1500, "y": -1600}]}, {"wallPoints": [{"x": -1300, "y": 1600}, {"x": -1300, "y": 1800}, {"x": 1300, "y": 1800}, {"x": 1300, "y": 1600}]}, {"wallPoints": [{"x": -1500, "y": -1600}, {"x": -1500, "y": 1600}, {"x": -1300, "y": 1600}, {"x": -1300, "y": -1600}]}], "functionZones_new": [], "functionZones_layout": [{"bound": {"dx": 1607.6335877862596, "dy": 3200.0}, "center": {"x": 496.1832061068702, "y": 0.0}, "id": 1, "rot": 180}, {"bound": {"dx": 1607.6335877862596, "dy": 600.0}, "center": {"x": 496.1832061068702, "y": 1300.0}, "id": 2, "rot": 270}, {"bound": {"dx": 992.3664122137404, "dy": 600.0}, "center": {"x": -803.8167938931298, "y": 1300.0}, "id": 3, "rot": 270}, {"bound": {"dx": 450.0, "dy": 450.0}, "center": {"x": -803.8167938931298, "y": 775.0}, "id": 4, "rot": 90}]}
{"windows": [{"scid": -1, "type": 0, "points": [{"x": -1300.0, "y": 1280.0}, {"x": -1300.0, "y": 80.0}, {"x": -1600.0, "y": 80.0}, {"x": -1600.0, "y": 1280.0}]}], "doors": [{"scid": 11, "type": 0, "points": [{"x": -1150.0, "y": -1600.0}, {"x": -250.0, "y": -1600.0}, {"x": -250.0, "y": -1800.0}, {"x": -1150.0, "y": -1800.0}], "rotateFeatures": [{"start": {"x": 150.0, "y": 0.0}, "end": {"x": 1050.0, "y": 0.0}, "rotate": -1.5707963267948966}], "debugMeta": {"horizontalFlip": false, "verticalFlip": false, "rotate": {"xAxis": 0, "yAxis": 0, "zAxis": 0}}}], "walls": [{"wallPoints": [{"x": -1300, "y": -1800}, {"x": -1300, "y": -1600}, {"x": 1300, "y": -1600}, {"x": 1300, "y": -1800}]}, {"wallPoints": [{"x": 1300, "y": -1600}, {"x": 1300, "y": 1600}, {"x": 1500, "y": 1600}, {"x": 1500, "y": -1600}]}, {"wallPoints": [{"x": -1300, "y": 1600}, {"x": -1300, "y": 1800}, {"x": 1300, "y": 1800}, {"x": 1300, "y": 1600}]}, {"wallPoints": [{"x": -1500, "y": -1600}, {"x": -1500, "y": 1600}, {"x": -1300, "y": 1600}, {"x": -1300, "y": -1600}]}], "functionZones_new": [], "functionZones_layout": [{"bound": {"dx": 1607.6335877862596, "dy": 3200.0}, "center": {"x": 496.1832061068702, "y": 0.0}, "id": 1, "rot": 180}, {"bound": {"dx": 1607.6335877862596, "dy": 600.0}, "center": {"x": 496.1832061068702, "y": 1300.0}, "id": 2, "rot": 270}, {"bound": {"dx": 992.3664122137404, "dy": 600.0}, "center": {"x": -803.8167938931298, "y": 1300.0}, "id": 3, "rot": 270}, {"bound": {"dx": 450.0, "dy": 450.0}, "center": {"x": -803.8167938931298, "y": 775.0}, "id": 4, "rot": 90}]}
