{"windows": [{"scid": -1, "type": 0, "points": [{"x": -1700.0, "y": 1320.0}, {"x": -1700.0, "y": -180.0}, {"x": -2000.0, "y": -180.0}, {"x": -2000.0, "y": 1320.0}]}], "doors": [{"scid": 13, "type": 0, "points": [{"x": -1550.0, "y": -1650.0}, {"x": -650.0, "y": -1650.0}, {"x": -650.0, "y": -1850.0}, {"x": -1550.0, "y": -1850.0}], "rotateFeatures": [{"start": {"x": 150.0, "y": 0.0}, "end": {"x": 1050.0, "y": 0.0}, "rotate": -1.5707963267948966}], "debugMeta": {"horizontalFlip": false, "verticalFlip": false, "rotate": {"xAxis": 0, "yAxis": 0, "zAxis": 0}}}], "walls": [{"wallPoints": [{"x": -1700, "y": -1850}, {"x": -1700, "y": -1650}, {"x": 1700, "y": -1650}, {"x": 1700, "y": -1850}]}, {"wallPoints": [{"x": 1700, "y": -1650}, {"x": 1700, "y": 1650}, {"x": 1900, "y": 1650}, {"x": 1900, "y": -1650}]}, {"wallPoints": [{"x": -1700, "y": 1650}, {"x": -1700, "y": 1850}, {"x": 1700, "y": 1850}, {"x": 1700, "y": 1650}]}, {"wallPoints": [{"x": -1900, "y": -1650}, {"x": -1900, "y": 1650}, {"x": -1700, "y": 1650}, {"x": -1700, "y": -1650}]}], "functionZones_new": [], "functionZones_layout": [{"bound": {"dx": 2102.290076335878, "dy": 3300.0}, "center": {"x": 648.854961832061, "y": 0.0}, "id": 1, "rot": 180}, {"bound": {"dx": 2102.290076335878, "dy": 600.0}, "center": {"x": 648.854961832061, "y": 1350.0}, "id": 2, "rot": 270}, {"bound": {"dx": 1297.709923664122, "dy": 600.0}, "center": {"x": -1051.145038167939, "y": 1350.0}, "id": 3, "rot": 270}, {"bound": {"dx": 450.0, "dy": 450.0}, "center": {"x": -1051.145038167939, "y": 825.0}, "id": 4, "rot": 90}]}
