{"windows": [{"scid": -1, "type": 0, "points": [{"x": 1320.0, "y": 1350.0}, {"x": -180.0, "y": 1350.0}, {"x": -180.0, "y": 1650.0}, {"x": 1320.0, "y": 1650.0}]}], "doors": [{"scid": 13, "type": 0, "points": [{"x": -1650.0, "y": 1200.0}, {"x": -1650.0, "y": 300.0}, {"x": -1850.0, "y": 300.0}, {"x": -1850.0, "y": 1200.0}], "rotateFeatures": [{"start": {"x": 150.0, "y": 0.0}, "end": {"x": 1050.0, "y": 0.0}, "rotate": -1.5707963267948966}], "debugMeta": {"horizontalFlip": false, "verticalFlip": false, "rotate": {"xAxis": 0, "yAxis": 0, "zAxis": 4.71238898038469}}}], "walls": [{"wallPoints": [{"x": -1850, "y": -1350}, {"x": -1850, "y": 1350}, {"x": -1650, "y": 1350}, {"x": -1650, "y": -1350}]}, {"wallPoints": [{"x": -1650, "y": -1550}, {"x": -1650, "y": -1350}, {"x": 1650, "y": -1350}, {"x": 1650, "y": -1550}]}, {"wallPoints": [{"x": 1650, "y": -1350}, {"x": 1650, "y": 1350}, {"x": 1850, "y": 1350}, {"x": 1850, "y": -1350}]}, {"wallPoints": [{"x": -1650, "y": 1350}, {"x": -1650, "y": 1550}, {"x": 1650, "y": 1550}, {"x": 1650, "y": 1350}]}], "functionZones_new": [], "functionZones_layout": [{"bound": {"dx": 3300.0, "dy": 1669.465648854962}, "center": {"x": 0.0, "y": -515.267175572519}, "id": 1, "rot": 90}, {"bound": {"dx": 600.0, "dy": 1669.465648854962}, "center": {"x": 1350.0, "y": -515.267175572519}, "id": 2, "rot": 180}, {"bound": {"dx": 600.0, "dy": 1030.534351145038}, "center": {"x": 1350.0, "y": 834.732824427481}, "id": 3, "rot": 180}, {"bound": {"dx": 450.0, "dy": 450.0}, "center": {"x": 825.0, "y": 834.732824427481}, "id": 4, "rot": 180}]}
