{"windows": [{"scid": -1, "type": 0, "points": [{"x": -1525.0, "y": -1400.0}, {"x": -1525.0, "y": 100.0}, {"x": -1825.0, "y": 100.0}, {"x": -1825.0, "y": -1400.0}]}], "doors": [{"scid": 11, "type": 0, "points": [{"x": -1375.0, "y": 1750.0}, {"x": -475.0, "y": 1750.0}, {"x": -475.0, "y": 1950.0}, {"x": -1375.0, "y": 1950.0}], "rotateFeatures": [{"start": {"x": 150.0, "y": 0.0}, "end": {"x": 1050.0, "y": 0.0}, "rotate": -1.5707963267948966}], "debugMeta": {"horizontalFlip": false, "verticalFlip": false, "rotate": {"xAxis": 0, "yAxis": 0, "zAxis": 0}}}], "walls": [{"wallPoints": [{"x": -1525, "y": 1750}, {"x": -1525, "y": 1950}, {"x": 1525, "y": 1950}, {"x": 1525, "y": 1750}]}, {"wallPoints": [{"x": 1525, "y": -1750}, {"x": 1525, "y": 1750}, {"x": 1725, "y": 1750}, {"x": 1725, "y": -1750}]}, {"wallPoints": [{"x": -1525, "y": -1950}, {"x": -1525, "y": -1750}, {"x": 1525, "y": -1750}, {"x": 1525, "y": -1950}]}, {"wallPoints": [{"x": -1725, "y": -1750}, {"x": -1725, "y": 1750}, {"x": -1525, "y": 1750}, {"x": -1525, "y": -1750}]}], "functionZones_new": [], "functionZones_layout": [{"bound": {"dx": 1885.8778625954199, "dy": 3500.0}, "center": {"x": 582.0610687022901, "y": 0.0}, "id": 1, "rot": 180}, {"bound": {"dx": 1885.8778625954199, "dy": 600.0}, "center": {"x": 582.0610687022901, "y": -1450.0}, "id": 2, "rot": 90}, {"bound": {"dx": 1164.1221374045801, "dy": 600.0}, "center": {"x": -942.9389312977099, "y": -1450.0}, "id": 3, "rot": 90}, {"bound": {"dx": 450.0, "dy": 450.0}, "center": {"x": -942.9389312977099, "y": -925.0}, "id": 4, "rot": 270}]}
