{"windows": [{"scid": -1, "type": 0, "points": [{"x": -1240.0, "y": -1350.0}, {"x": -40.0, "y": -1350.0}, {"x": -40.0, "y": -1650.0}, {"x": -1240.0, "y": -1650.0}]}], "doors": [{"scid": 11, "type": 0, "points": [{"x": 1550.0, "y": -1200.0}, {"x": 1550.0, "y": -300.0}, {"x": 1750.0, "y": -300.0}, {"x": 1750.0, "y": -1200.0}], "rotateFeatures": [{"start": {"x": 150.0, "y": 0.0}, "end": {"x": 1050.0, "y": 0.0}, "rotate": -1.5707963267948966}], "debugMeta": {"horizontalFlip": false, "verticalFlip": false, "rotate": {"xAxis": 0, "yAxis": 0, "zAxis": 1.5707963267948966}}}], "walls": [{"wallPoints": [{"x": 1550, "y": -1350}, {"x": 1550, "y": 1350}, {"x": 1750, "y": 1350}, {"x": 1750, "y": -1350}]}, {"wallPoints": [{"x": -1550, "y": 1350}, {"x": -1550, "y": 1550}, {"x": 1550, "y": 1550}, {"x": 1550, "y": 1350}]}, {"wallPoints": [{"x": -1750, "y": -1350}, {"x": -1750, "y": 1350}, {"x": -1550, "y": 1350}, {"x": -1550, "y": -1350}]}, {"wallPoints": [{"x": -1550, "y": -1550}, {"x": -1550, "y": -1350}, {"x": 1550, "y": -1350}, {"x": 1550, "y": -1550}]}], "functionZones_new": [], "functionZones_layout": [{"bound": {"dx": 3100.0, "dy": 1669.465648854962}, "center": {"x": 0.0, "y": 515.267175572519}, "id": 1, "rot": 270}, {"bound": {"dx": 600.0, "dy": 1669.465648854962}, "center": {"x": -1250.0, "y": 515.267175572519}, "id": 2, "rot": 90}, {"bound": {"dx": 600.0, "dy": 1030.534351145038}, "center": {"x": -1250.0, "y": -834.732824427481}, "id": 3, "rot": 90}, {"bound": {"dx": 450.0, "dy": 450.0}, "center": {"x": -725.0, "y": -834.732824427481}, "id": 4, "rot": 270}]}
