{"windows": [{"scid": -1, "type": 0, "points": [{"x": 1240.0, "y": 1600.0}, {"x": -260.0, "y": 1600.0}, {"x": -260.0, "y": 1900.0}, {"x": 1240.0, "y": 1900.0}]}], "doors": [{"scid": 11, "type": 0, "points": [{"x": -1550.0, "y": 1450.0}, {"x": -1550.0, "y": 550.0}, {"x": -1750.0, "y": 550.0}, {"x": -1750.0, "y": 1450.0}], "rotateFeatures": [{"start": {"x": 150.0, "y": 0.0}, "end": {"x": 1050.0, "y": 0.0}, "rotate": -1.5707963267948966}], "debugMeta": {"horizontalFlip": false, "verticalFlip": false, "rotate": {"xAxis": 0, "yAxis": 0, "zAxis": 4.71238898038469}}}], "walls": [{"wallPoints": [{"x": -1750, "y": -1600}, {"x": -1750, "y": 1600}, {"x": -1550, "y": 1600}, {"x": -1550, "y": -1600}]}, {"wallPoints": [{"x": -1550, "y": -1800}, {"x": -1550, "y": -1600}, {"x": 1550, "y": -1600}, {"x": 1550, "y": -1800}]}, {"wallPoints": [{"x": 1550, "y": -1600}, {"x": 1550, "y": 1600}, {"x": 1750, "y": 1600}, {"x": 1750, "y": -1600}]}, {"wallPoints": [{"x": -1550, "y": 1600}, {"x": -1550, "y": 1800}, {"x": 1550, "y": 1800}, {"x": 1550, "y": 1600}]}], "functionZones_new": [], "functionZones_layout": [{"bound": {"dx": 3100.0, "dy": 1978.6259541984734}, "center": {"x": 0.0, "y": -610.6870229007633}, "id": 1, "rot": 90}, {"bound": {"dx": 600.0, "dy": 1978.6259541984734}, "center": {"x": 1250.0, "y": -610.6870229007633}, "id": 2, "rot": 180}, {"bound": {"dx": 600.0, "dy": 1221.3740458015266}, "center": {"x": 1250.0, "y": 989.3129770992367}, "id": 3, "rot": 180}, {"bound": {"dx": 450.0, "dy": 450.0}, "center": {"x": 725.0, "y": 989.3129770992367}, "id": 4, "rot": 180}]}
