{"windows": [{"scid": -1, "type": 0, "points": [{"x": 1350.0, "y": 1360.0}, {"x": 1350.0, "y": -140.0}, {"x": 1650.0, "y": -140.0}, {"x": 1650.0, "y": 1360.0}]}], "doors": [{"scid": 13, "type": 0, "points": [{"x": 1200.0, "y": -1700.0}, {"x": 300.0, "y": -1700.0}, {"x": 300.0, "y": -1900.0}, {"x": 1200.0, "y": -1900.0}], "rotateFeatures": [{"start": {"x": 150.0, "y": 0.0}, "end": {"x": 1050.0, "y": 0.0}, "rotate": -1.5707963267948966}], "debugMeta": {"horizontalFlip": false, "verticalFlip": false, "rotate": {"xAxis": 0, "yAxis": 0, "zAxis": 3.141592653589793}}}], "walls": [{"wallPoints": [{"x": -1350, "y": -1900}, {"x": -1350, "y": -1700}, {"x": 1350, "y": -1700}, {"x": 1350, "y": -1900}]}, {"wallPoints": [{"x": -1550, "y": -1700}, {"x": -1550, "y": 1700}, {"x": -1350, "y": 1700}, {"x": -1350, "y": -1700}]}, {"wallPoints": [{"x": -1350, "y": 1700}, {"x": -1350, "y": 1900}, {"x": 1350, "y": 1900}, {"x": 1350, "y": 1700}]}, {"wallPoints": [{"x": 1350, "y": -1700}, {"x": 1350, "y": 1700}, {"x": 1550, "y": 1700}, {"x": 1550, "y": -1700}]}], "functionZones_new": [], "functionZones_layout": [{"bound": {"dx": 1669.465648854962, "dy": 3400.0}, "center": {"x": -515.267175572519, "y": 0.0}, "id": 1, "rot": 0}, {"bound": {"dx": 1669.465648854962, "dy": 600.0}, "center": {"x": -515.267175572519, "y": 1400.0}, "id": 2, "rot": 270}, {"bound": {"dx": 1030.534351145038, "dy": 600.0}, "center": {"x": 834.732824427481, "y": 1400.0}, "id": 3, "rot": 270}, {"bound": {"dx": 450.0, "dy": 450.0}, "center": {"x": 834.732824427481, "y": 875.0}, "id": 4, "rot": 90}]}
