{"windows": [{"scid": -1, "type": 0, "points": [{"x": -1400.0, "y": -1600.0}, {"x": 100.0, "y": -1600.0}, {"x": 100.0, "y": -1900.0}, {"x": -1400.0, "y": -1900.0}]}], "doors": [{"scid": 11, "type": 0, "points": [{"x": 1750.0, "y": -1450.0}, {"x": 1750.0, "y": -550.0}, {"x": 1950.0, "y": -550.0}, {"x": 1950.0, "y": -1450.0}], "rotateFeatures": [{"start": {"x": 150.0, "y": 0.0}, "end": {"x": 1050.0, "y": 0.0}, "rotate": -1.5707963267948966}], "debugMeta": {"horizontalFlip": false, "verticalFlip": false, "rotate": {"xAxis": 0, "yAxis": 0, "zAxis": 1.5707963267948966}}}], "walls": [{"wallPoints": [{"x": 1750, "y": -1600}, {"x": 1750, "y": 1600}, {"x": 1950, "y": 1600}, {"x": 1950, "y": -1600}]}, {"wallPoints": [{"x": -1750, "y": 1600}, {"x": -1750, "y": 1800}, {"x": 1750, "y": 1800}, {"x": 1750, "y": 1600}]}, {"wallPoints": [{"x": -1950, "y": -1600}, {"x": -1950, "y": 1600}, {"x": -1750, "y": 1600}, {"x": -1750, "y": -1600}]}, {"wallPoints": [{"x": -1750, "y": -1800}, {"x": -1750, "y": -1600}, {"x": 1750, "y": -1600}, {"x": 1750, "y": -1800}]}], "functionZones_new": [], "functionZones_layout": [{"bound": {"dx": 3500.0, "dy": 1978.6259541984734}, "center": {"x": 0.0, "y": 610.6870229007633}, "id": 1, "rot": 270}, {"bound": {"dx": 600.0, "dy": 1978.6259541984734}, "center": {"x": -1450.0, "y": 610.6870229007633}, "id": 2, "rot": 90}, {"bound": {"dx": 600.0, "dy": 1221.3740458015266}, "center": {"x": -1450.0, "y": -989.3129770992367}, "id": 3, "rot": 90}, {"bound": {"dx": 450.0, "dy": 450.0}, "center": {"x": -925.0, "y": -989.3129770992367}, "id": 4, "rot": 270}]}
