{"windows": [{"scid": -1, "type": 0, "points": [{"x": -1475.0, "y": -1280.0}, {"x": -1475.0, "y": -80.0}, {"x": -1775.0, "y": -80.0}, {"x": -1775.0, "y": -1280.0}]}], "doors": [{"scid": 11, "type": 0, "points": [{"x": -1325.0, "y": 1600.0}, {"x": -425.0, "y": 1600.0}, {"x": -425.0, "y": 1800.0}, {"x": -1325.0, "y": 1800.0}], "rotateFeatures": [{"start": {"x": 150.0, "y": 0.0}, "end": {"x": 1050.0, "y": 0.0}, "rotate": -1.5707963267948966}], "debugMeta": {"horizontalFlip": false, "verticalFlip": false, "rotate": {"xAxis": 0, "yAxis": 0, "zAxis": 0}}}], "walls": [{"wallPoints": [{"x": -1475, "y": 1600}, {"x": -1475, "y": 1800}, {"x": 1475, "y": 1800}, {"x": 1475, "y": 1600}]}, {"wallPoints": [{"x": 1475, "y": -1600}, {"x": 1475, "y": 1600}, {"x": 1675, "y": 1600}, {"x": 1675, "y": -1600}]}, {"wallPoints": [{"x": -1475, "y": -1800}, {"x": -1475, "y": -1600}, {"x": 1475, "y": -1600}, {"x": 1475, "y": -1800}]}, {"wallPoints": [{"x": -1675, "y": -1600}, {"x": -1675, "y": 1600}, {"x": -1475, "y": 1600}, {"x": -1475, "y": -1600}]}], "functionZones_new": [], "functionZones_layout": [{"bound": {"dx": 1824.0458015267177, "dy": 3200.0}, "center": {"x": 562.9770992366412, "y": 0.0}, "id": 1, "rot": 180}, {"bound": {"dx": 1824.0458015267177, "dy": 600.0}, "center": {"x": 562.9770992366412, "y": -1300.0}, "id": 2, "rot": 90}, {"bound": {"dx": 1125.9541984732823, "dy": 600.0}, "center": {"x": -912.0229007633588, "y": -1300.0}, "id": 3, "rot": 90}, {"bound": {"dx": 450.0, "dy": 450.0}, "center": {"x": -912.0229007633588, "y": -775.0}, "id": 4, "rot": 270}]}
{"windows": [{"scid": -1, "type": 0, "points": [{"x": -1475.0, "y": -1280.0}, {"x": -1475.0, "y": -80.0}, {"x": -1775.0, "y": -80.0}, {"x": -1775.0, "y": -1280.0}]}], "doors": [{"scid": 11, "type": 0, "points": [{"x": -1325.0, "y": 1600.0}, {"x": -425.0, "y": 1600.0}, {"x": -425.0, "y": 1800.0}, {"x": -1325.0, "y": 1800.0}], "rotateFeatures": [{"start": {"x": 150.0, "y": 0.0}, "end": {"x": 1050.0, "y": 0.0}, "rotate": -1.5707963267948966}], "debugMeta": {"horizontalFlip": false, "verticalFlip": false, "rotate": {"xAxis": 0, "yAxis": 0, "zAxis": 0}}}], "walls": [{"wallPoints": [{"x": -1475, "y": 1600}, {"x": -1475, "y": 1800}, {"x": 1475, "y": 1800}, {"x": 1475, "y": 1600}]}, {"wallPoints": [{"x": 1475, "y": -1600}, {"x": 1475, "y": 1600}, {"x": 1675, "y": 1600}, {"x": 1675, "y": -1600}]}, {"wallPoints": [{"x": -1475, "y": -1800}, {"x": -1475, "y": -1600}, {"x": 1475, "y": -1600}, {"x": 1475, "y": -1800}]}, {"wallPoints": [{"x": -1675, "y": -1600}, {"x": -1675, "y": 1600}, {"x": -1475, "y": 1600}, {"x": -1475, "y": -1600}]}], "functionZones_new": [], "functionZones_layout": [{"bound": {"dx": 1824.0458015267177, "dy": 3200.0}, "center": {"x": 562.9770992366412, "y": 0.0}, "id": 1, "rot": 180}, {"bound": {"dx": 1824.0458015267177, "dy": 600.0}, "center": {"x": 562.9770992366412, "y": -1300.0}, "id": 2, "rot": 90}, {"bound": {"dx": 1125.9541984732823, "dy": 600.0}, "center": {"x": -912.0229007633588, "y": -1300.0}, "id": 3, "rot": 90}, {"bound": {"dx": 450.0, "dy": 450.0}, "center": {"x": -912.0229007633588, "y": -775.0}, "id": 4, "rot": 270}]}
