{"windows": [{"scid": -1, "type": 0, "points": [{"x": -1600.0, "y": -1480.0}, {"x": -1600.0, "y": -280.0}, {"x": -1900.0, "y": -280.0}, {"x": -1900.0, "y": -1480.0}]}], "doors": [{"scid": 11, "type": 0, "points": [{"x": -1450.0, "y": 1850.0}, {"x": -550.0, "y": 1850.0}, {"x": -550.0, "y": 2050.0}, {"x": -1450.0, "y": 2050.0}], "rotateFeatures": [{"start": {"x": 150.0, "y": 0.0}, "end": {"x": 1050.0, "y": 0.0}, "rotate": -1.5707963267948966}], "debugMeta": {"horizontalFlip": false, "verticalFlip": false, "rotate": {"xAxis": 0, "yAxis": 0, "zAxis": 0}}}], "walls": [{"wallPoints": [{"x": -1600, "y": 1850}, {"x": -1600, "y": 2050}, {"x": 1600, "y": 2050}, {"x": 1600, "y": 1850}]}, {"wallPoints": [{"x": 1600, "y": -1850}, {"x": 1600, "y": 1850}, {"x": 1800, "y": 1850}, {"x": 1800, "y": -1850}]}, {"wallPoints": [{"x": -1600, "y": -2050}, {"x": -1600, "y": -1850}, {"x": 1600, "y": -1850}, {"x": 1600, "y": -2050}]}, {"wallPoints": [{"x": -1800, "y": -1850}, {"x": -1800, "y": 1850}, {"x": -1600, "y": 1850}, {"x": -1600, "y": -1850}]}], "functionZones_new": [], "functionZones_layout": [{"bound": {"dx": 1978.6259541984734, "dy": 3700.0}, "center": {"x": 610.6870229007633, "y": 0.0}, "id": 1, "rot": 180}, {"bound": {"dx": 1978.6259541984734, "dy": 600.0}, "center": {"x": 610.6870229007633, "y": -1550.0}, "id": 2, "rot": 90}, {"bound": {"dx": 1221.3740458015266, "dy": 600.0}, "center": {"x": -989.3129770992367, "y": -1550.0}, "id": 3, "rot": 90}, {"bound": {"dx": 450.0, "dy": 450.0}, "center": {"x": -989.3129770992367, "y": -1025.0}, "id": 4, "rot": 270}]}
